model,qid,faithfulness,relevance,naturalness
01-ai_Yi-1.5-6B-Chat,,0.0,0.0,5.0
01-ai_Yi-1.5-6B-Chat,,5.0,7.0,8.0
01-ai_Yi-1.5-6B-Chat,,5.0,7.0,8.0
01-ai_Yi-1.5-6B-Chat,,5.0,4.0,7.0
01-ai_Yi-1.5-6B-Chat,,0.0,0.0,5.0
01-ai_Yi-1.5-6B-Chat,,5.0,5.0,7.0
01-ai_Yi-1.5-6B-Chat,,5.0,7.0,8.0
01-ai_Yi-1.5-6B-Chat,,5.0,7.0,8.0
01-ai_Yi-1.5-6B-Chat,,0.0,0.0,5.0
01-ai_Yi-1.5-6B-Chat,,0.0,0.0,7.0
01-ai_Yi-1.5-6B-Chat,,5.0,5.0,7.0
01-ai_Yi-1.5-6B-Chat,,0.0,0.0,5.0
01-ai_Yi-1.5-6B-Chat,,5.0,5.0,8.0
01-ai_Yi-1.5-6B-Chat,,5.0,6.0,7.0
01-ai_Yi-1.5-6B-Chat,,5.0,5.0,7.0
01-ai_Yi-1.5-6B-Chat,,5.0,7.0,8.0
01-ai_Yi-1.5-6B-Chat,,5.0,5.0,7.0
01-ai_Yi-1.5-6B-Chat,,0.0,0.0,4.0
01-ai_Yi-1.5-6B-Chat,,5.0,5.0,8.0
01-ai_Yi-1.5-6B-Chat,,5.0,7.0,8.0
01-ai_Yi-1.5-6B-Chat,,5.0,5.0,6.0
01-ai_Yi-1.5-6B-Chat,,5.0,7.0,8.0
01-ai_Yi-1.5-6B-Chat,,0.0,0.0,5.0
01-ai_Yi-1.5-6B-Chat,,5.0,7.0,8.0
01-ai_Yi-1.5-6B-Chat,,2.0,2.0,4.0
01-ai_Yi-1.5-6B-Chat,,5.0,7.0,8.0
01-ai_Yi-1.5-6B-Chat,,5.0,5.0,7.0
01-ai_Yi-1.5-6B-Chat,,0.0,0.0,5.0
01-ai_Yi-1.5-6B-Chat,,5.0,6.0,7.0
01-ai_Yi-1.5-6B-Chat,,5.0,5.0,7.0
01-ai_Yi-1.5-6B-Chat,,5.0,5.0,7.0
01-ai_Yi-1.5-6B-Chat,,4.0,6.0,8.0
01-ai_Yi-1.5-6B-Chat,,5.0,7.0,8.0
01-ai_Yi-1.5-6B-Chat,,5.0,7.0,8.0
01-ai_Yi-1.5-6B-Chat,,0.0,0.0,5.0
01-ai_Yi-1.5-6B-Chat,,5.0,5.0,8.0
01-ai_Yi-1.5-6B-Chat,,5.0,5.0,7.0
01-ai_Yi-1.5-6B-Chat,,5.0,7.0,8.0
01-ai_Yi-1.5-6B-Chat,,5.0,7.0,8.0
01-ai_Yi-1.5-6B-Chat,,5.0,5.0,8.0
01-ai_Yi-1.5-6B-Chat,,5.0,5.0,7.0
01-ai_Yi-1.5-6B-Chat,,5.0,5.0,7.0
01-ai_Yi-1.5-6B-Chat,,5.0,5.0,7.0
01-ai_Yi-1.5-6B-Chat,,0.0,5.0,7.0
01-ai_Yi-1.5-6B-Chat,,5.0,7.0,8.0
01-ai_Yi-1.5-6B-Chat,,7.0,8.0,9.0
01-ai_Yi-1.5-6B-Chat,,5.0,5.0,8.0
01-ai_Yi-1.5-6B-Chat,,0.0,5.0,7.0
01-ai_Yi-1.5-6B-Chat,,5.0,5.0,7.0
01-ai_Yi-1.5-6B-Chat,,5.0,6.0,7.0
01-ai_Yi-1.5-6B-Chat,,5.0,5.0,7.0
01-ai_Yi-1.5-6B-Chat,,0.0,0.0,5.0
01-ai_Yi-1.5-6B-Chat,,5.0,7.0,8.0
01-ai_Yi-1.5-6B-Chat,,5.0,5.0,8.0
01-ai_Yi-1.5-6B-Chat,,5.0,5.0,8.0
01-ai_Yi-1.5-6B-Chat,,0.0,0.0,5.0
01-ai_Yi-1.5-6B-Chat,,5.0,5.0,7.0
01-ai_Yi-1.5-6B-Chat,,5.0,5.0,7.0
01-ai_Yi-1.5-6B-Chat,,5.0,5.0,8.0
01-ai_Yi-1.5-6B-Chat,,5.0,6.0,7.0
01-ai_Yi-1.5-6B-Chat,,0.0,5.0,7.0
01-ai_Yi-1.5-6B-Chat,,5.0,5.0,7.0
01-ai_Yi-1.5-6B-Chat,,5.0,6.0,7.0
01-ai_Yi-1.5-6B-Chat,,0.0,0.0,5.0
01-ai_Yi-1.5-6B-Chat,,5.0,7.0,8.0
01-ai_Yi-1.5-6B-Chat,,5.0,5.0,8.0
01-ai_Yi-1.5-6B-Chat,,0.0,0.0,4.0
01-ai_Yi-1.5-6B-Chat,,5.0,5.0,7.0
01-ai_Yi-1.5-6B-Chat,,5.0,7.0,8.0
01-ai_Yi-1.5-6B-Chat,,5.0,6.0,7.0
01-ai_Yi-1.5-6B-Chat,,5.0,6.0,7.0
01-ai_Yi-1.5-6B-Chat,,4.0,5.0,7.0
01-ai_Yi-1.5-6B-Chat,,0.0,5.0,8.0
01-ai_Yi-1.5-6B-Chat,,5.0,5.0,7.0
01-ai_Yi-1.5-6B-Chat,,5.0,5.0,8.0
01-ai_Yi-1.5-6B-Chat,,5.0,7.0,8.0
01-ai_Yi-1.5-6B-Chat,,0.0,0.0,5.0
01-ai_Yi-1.5-6B-Chat,,5.0,5.0,7.0
01-ai_Yi-1.5-6B-Chat,,0.0,0.0,4.0
01-ai_Yi-1.5-9B-Chat,,0.0,0.0,5.0
01-ai_Yi-1.5-9B-Chat,,5.0,6.0,7.0
01-ai_Yi-1.5-9B-Chat,,5.0,7.0,8.0
01-ai_Yi-1.5-9B-Chat,,5.0,7.0,8.0
01-ai_Yi-1.5-9B-Chat,,0.0,0.0,5.0
01-ai_Yi-1.5-9B-Chat,,0.0,0.0,5.0
01-ai_Yi-1.5-9B-Chat,,5.0,6.0,7.0
01-ai_Yi-1.5-9B-Chat,,5.0,7.0,8.0
01-ai_Yi-1.5-9B-Chat,,0.0,0.0,5.0
01-ai_Yi-1.5-9B-Chat,,5.0,5.0,7.0
01-ai_Yi-1.5-9B-Chat,,0.0,5.0,7.0
01-ai_Yi-1.5-9B-Chat,,5.0,5.0,7.0
01-ai_Yi-1.5-9B-Chat,,5.0,6.0,7.0
01-ai_Yi-1.5-9B-Chat,,5.0,7.0,8.0
01-ai_Yi-1.5-9B-Chat,,0.0,0.0,5.0
01-ai_Yi-1.5-9B-Chat,,5.0,7.0,8.0
01-ai_Yi-1.5-9B-Chat,,0.0,0.0,5.0
01-ai_Yi-1.5-9B-Chat,,5.0,5.0,8.0
01-ai_Yi-1.5-9B-Chat,,5.0,5.0,6.0
01-ai_Yi-1.5-9B-Chat,,5.0,7.0,8.0
01-ai_Yi-1.5-9B-Chat,,5.0,7.0,8.0
01-ai_Yi-1.5-9B-Chat,,0.0,5.0,7.0
01-ai_Yi-1.5-9B-Chat,,5.0,5.0,8.0
01-ai_Yi-1.5-9B-Chat,,5.0,5.0,8.0
01-ai_Yi-1.5-9B-Chat,,5.0,7.0,8.0
01-ai_Yi-1.5-9B-Chat,,5.0,5.0,8.0
01-ai_Yi-1.5-9B-Chat,,5.0,5.0,7.0
01-ai_Yi-1.5-9B-Chat,,0.0,5.0,7.0
01-ai_Yi-1.5-9B-Chat,,5.0,5.0,8.0
01-ai_Yi-1.5-9B-Chat,,5.0,7.0,8.0
01-ai_Yi-1.5-9B-Chat,,5.0,5.0,7.0
01-ai_Yi-1.5-9B-Chat,,5.0,5.0,8.0
01-ai_Yi-1.5-9B-Chat,,5.0,7.0,8.0
01-ai_Yi-1.5-9B-Chat,,5.0,5.0,7.0
01-ai_Yi-1.5-9B-Chat,,5.0,5.0,7.0
01-ai_Yi-1.5-9B-Chat,,5.0,5.0,7.0
01-ai_Yi-1.5-9B-Chat,,5.0,6.0,7.0
01-ai_Yi-1.5-9B-Chat,,0.0,0.0,5.0
01-ai_Yi-1.5-9B-Chat,,5.0,5.0,7.0
01-ai_Yi-1.5-9B-Chat,,5.0,5.0,8.0
01-ai_Yi-1.5-9B-Chat,,0.0,0.0,0.0
01-ai_Yi-1.5-9B-Chat,,0.0,0.0,8.0
01-ai_Yi-1.5-9B-Chat,,5.0,7.0,8.0
01-ai_Yi-1.5-9B-Chat,,5.0,6.0,7.0
01-ai_Yi-1.5-9B-Chat,,5.0,5.0,8.0
01-ai_Yi-1.5-9B-Chat,,8.0,9.0,9.0
01-ai_Yi-1.5-9B-Chat,,5.0,5.0,7.0
01-ai_Yi-1.5-9B-Chat,,0.0,0.0,5.0
01-ai_Yi-1.5-9B-Chat,,5.0,5.0,7.0
01-ai_Yi-1.5-9B-Chat,,5.0,5.0,7.0
01-ai_Yi-1.5-9B-Chat,,5.0,6.0,7.0
01-ai_Yi-1.5-9B-Chat,,0.0,5.0,7.0
01-ai_Yi-1.5-9B-Chat,,5.0,7.0,8.0
01-ai_Yi-1.5-9B-Chat,,5.0,6.0,7.0
01-ai_Yi-1.5-9B-Chat,,5.0,7.0,8.0
01-ai_Yi-1.5-9B-Chat,,5.0,6.0,7.0
01-ai_Yi-1.5-9B-Chat,,5.0,7.0,8.0
01-ai_Yi-1.5-9B-Chat,,5.0,5.0,8.0
01-ai_Yi-1.5-9B-Chat,,5.0,5.0,8.0
01-ai_Yi-1.5-9B-Chat,,5.0,6.0,7.0
01-ai_Yi-1.5-9B-Chat,,5.0,6.0,7.0
01-ai_Yi-1.5-9B-Chat,,5.0,5.0,8.0
01-ai_Yi-1.5-9B-Chat,,5.0,5.0,7.0
01-ai_Yi-1.5-9B-Chat,,5.0,6.0,7.0
01-ai_Yi-1.5-9B-Chat,,5.0,7.0,8.0
01-ai_Yi-1.5-9B-Chat,,0.0,5.0,7.0
01-ai_Yi-1.5-9B-Chat,,0.0,0.0,5.0
01-ai_Yi-1.5-9B-Chat,,5.0,6.0,7.0
01-ai_Yi-1.5-9B-Chat,,5.0,6.0,7.0
01-ai_Yi-1.5-9B-Chat,,5.0,6.0,7.0
01-ai_Yi-1.5-9B-Chat,,5.0,7.0,8.0
01-ai_Yi-1.5-9B-Chat,,5.0,5.0,7.0
01-ai_Yi-1.5-9B-Chat,,0.0,0.0,5.0
01-ai_Yi-1.5-9B-Chat,,0.0,0.0,5.0
01-ai_Yi-1.5-9B-Chat,,5.0,7.0,8.0
01-ai_Yi-1.5-9B-Chat,,5.0,5.0,8.0
01-ai_Yi-1.5-9B-Chat,,0.0,0.0,5.0
01-ai_Yi-1.5-9B-Chat,,5.0,7.0,8.0
01-ai_Yi-1.5-9B-Chat,,5.0,5.0,7.0
Bllossom_llama-3.2-Korean-Bllossom-3B,,5.0,8.0,9.0
Bllossom_llama-3.2-Korean-Bllossom-3B,,5.0,6.0,8.0
Bllossom_llama-3.2-Korean-Bllossom-3B,,8.0,9.0,9.0
Bllossom_llama-3.2-Korean-Bllossom-3B,,5.0,6.0,7.0
Bllossom_llama-3.2-Korean-Bllossom-3B,,0.0,0.0,5.0
Bllossom_llama-3.2-Korean-Bllossom-3B,,8.0,7.0,9.0
Bllossom_llama-3.2-Korean-Bllossom-3B,,8.0,7.0,9.0
Bllossom_llama-3.2-Korean-Bllossom-3B,,8.0,9.0,9.0
Bllossom_llama-3.2-Korean-Bllossom-3B,,0.0,5.0,8.0
Bllossom_llama-3.2-Korean-Bllossom-3B,,5.0,7.0,8.0
Bllossom_llama-3.2-Korean-Bllossom-3B,,8.0,9.0,9.0
Bllossom_llama-3.2-Korean-Bllossom-3B,,5.0,7.0,8.0
Bllossom_llama-3.2-Korean-Bllossom-3B,,5.0,5.0,8.0
Bllossom_llama-3.2-Korean-Bllossom-3B,,8.0,9.0,9.0
Bllossom_llama-3.2-Korean-Bllossom-3B,,8.0,7.0,9.0
Bllossom_llama-3.2-Korean-Bllossom-3B,,7.0,8.0,9.0
Bllossom_llama-3.2-Korean-Bllossom-3B,,8.0,9.0,8.0
Bllossom_llama-3.2-Korean-Bllossom-3B,,8.0,9.0,8.0
Bllossom_llama-3.2-Korean-Bllossom-3B,,5.0,7.0,8.0
Bllossom_llama-3.2-Korean-Bllossom-3B,,5.0,5.0,8.0
Bllossom_llama-3.2-Korean-Bllossom-3B,,5.0,7.0,8.0
Bllossom_llama-3.2-Korean-Bllossom-3B,,0.0,0.0,7.0
Bllossom_llama-3.2-Korean-Bllossom-3B,,5.0,6.0,7.0
Bllossom_llama-3.2-Korean-Bllossom-3B,,8.0,9.0,8.0
Bllossom_llama-3.2-Korean-Bllossom-3B,,8.0,9.0,9.0
Bllossom_llama-3.2-Korean-Bllossom-3B,,8.0,9.0,9.0
Bllossom_llama-3.2-Korean-Bllossom-3B,,5.0,5.0,7.0
Bllossom_llama-3.2-Korean-Bllossom-3B,,5.0,7.0,8.0
Bllossom_llama-3.2-Korean-Bllossom-3B,,5.0,6.0,7.0
Bllossom_llama-3.2-Korean-Bllossom-3B,,5.0,6.0,7.0
Bllossom_llama-3.2-Korean-Bllossom-3B,,7.0,8.0,6.0
Bllossom_llama-3.2-Korean-Bllossom-3B,,5.0,7.0,8.0
Bllossom_llama-3.2-Korean-Bllossom-3B,,7.0,8.0,9.0
Bllossom_llama-3.2-Korean-Bllossom-3B,,8.0,9.0,9.0
Bllossom_llama-3.2-Korean-Bllossom-3B,,8.0,9.0,8.0
Bllossom_llama-3.2-Korean-Bllossom-3B,,8.0,9.0,9.0
Bllossom_llama-3.2-Korean-Bllossom-3B,,8.0,7.0,8.0
Bllossom_llama-3.2-Korean-Bllossom-3B,,8.0,9.0,9.0
Bllossom_llama-3.2-Korean-Bllossom-3B,,8.0,9.0,8.0
Bllossom_llama-3.2-Korean-Bllossom-3B,,0.0,0.0,0.0
Bllossom_llama-3.2-Korean-Bllossom-3B,,8.0,7.0,9.0
Bllossom_llama-3.2-Korean-Bllossom-3B,,8.0,9.0,8.0
Bllossom_llama-3.2-Korean-Bllossom-3B,,8.0,9.0,8.0
Bllossom_llama-3.2-Korean-Bllossom-3B,,8.0,9.0,8.0
Bllossom_llama-3.2-Korean-Bllossom-3B,,7.0,8.0,9.0
Bllossom_llama-3.2-Korean-Bllossom-3B,,8.0,9.0,8.0
Bllossom_llama-3.2-Korean-Bllossom-3B,,5.0,6.0,7.0
Bllossom_llama-3.2-Korean-Bllossom-3B,,7.0,8.0,9.0
Bllossom_llama-3.2-Korean-Bllossom-3B,,8.0,9.0,8.0
Bllossom_llama-3.2-Korean-Bllossom-3B,,6.0,7.0,8.0
Bllossom_llama-3.2-Korean-Bllossom-3B,,5.0,5.0,7.0
Bllossom_llama-3.2-Korean-Bllossom-3B,,8.0,9.0,8.0
Bllossom_llama-3.2-Korean-Bllossom-3B,,5.0,6.0,7.0
Bllossom_llama-3.2-Korean-Bllossom-3B,,8.0,7.0,9.0
Bllossom_llama-3.2-Korean-Bllossom-3B,,8.0,9.0,9.0
Bllossom_llama-3.2-Korean-Bllossom-3B,,5.0,6.0,7.0
Bllossom_llama-3.2-Korean-Bllossom-3B,,8.0,7.0,9.0
Bllossom_llama-3.2-Korean-Bllossom-3B,,5.0,5.0,8.0
Bllossom_llama-3.2-Korean-Bllossom-3B,,8.0,9.0,9.0
Bllossom_llama-3.2-Korean-Bllossom-3B,,4.0,4.0,6.0
Bllossom_llama-3.2-Korean-Bllossom-3B,,5.0,7.0,8.0
Bllossom_llama-3.2-Korean-Bllossom-3B,,8.0,7.0,9.0
Bllossom_llama-3.2-Korean-Bllossom-3B,,4.0,5.0,7.0
Bllossom_llama-3.2-Korean-Bllossom-3B,,5.0,6.0,8.0
Bllossom_llama-3.2-Korean-Bllossom-3B,,8.0,9.0,7.0
Bllossom_llama-3.2-Korean-Bllossom-3B,,8.0,7.0,9.0
Bllossom_llama-3.2-Korean-Bllossom-3B,,5.0,7.0,8.0
Bllossom_llama-3.2-Korean-Bllossom-3B,,8.0,7.0,9.0
Bllossom_llama-3.2-Korean-Bllossom-3B,,5.0,6.0,7.0
Bllossom_llama-3.2-Korean-Bllossom-3B,,8.0,9.0,9.0
Bllossom_llama-3.2-Korean-Bllossom-3B,,8.0,7.0,9.0
Bllossom_llama-3.2-Korean-Bllossom-3B,,8.0,7.0,9.0
Bllossom_llama-3.2-Korean-Bllossom-3B,,5.0,5.0,8.0
Bllossom_llama-3.2-Korean-Bllossom-3B,,5.0,7.0,8.0
Bllossom_llama-3.2-Korean-Bllossom-3B,,8.0,7.0,9.0
Bllossom_llama-3.2-Korean-Bllossom-3B,,8.0,7.0,9.0
Bllossom_llama-3.2-Korean-Bllossom-3B,,5.0,7.0,8.0
Bllossom_llama-3.2-Korean-Bllossom-3B,,5.0,3.0,7.0
Bllossom_llama-3.2-Korean-Bllossom-3B,,8.0,7.0,9.0
HuggingFaceH4_zephyr-7b-beta,,5.0,5.0,7.0
HuggingFaceH4_zephyr-7b-beta,,5.0,7.0,8.0
HuggingFaceH4_zephyr-7b-beta,,7.0,8.0,9.0
HuggingFaceH4_zephyr-7b-beta,,5.0,7.0,8.0
HuggingFaceH4_zephyr-7b-beta,,2.0,2.0,8.0
HuggingFaceH4_zephyr-7b-beta,,5.0,5.0,8.0
HuggingFaceH4_zephyr-7b-beta,,8.0,7.0,9.0
HuggingFaceH4_zephyr-7b-beta,,8.0,9.0,9.0
HuggingFaceH4_zephyr-7b-beta,,8.0,9.0,9.0
HuggingFaceH4_zephyr-7b-beta,,5.0,5.0,8.0
HuggingFaceH4_zephyr-7b-beta,,8.0,9.0,9.0
HuggingFaceH4_zephyr-7b-beta,,5.0,3.0,8.0
HuggingFaceH4_zephyr-7b-beta,,5.0,7.0,8.0
HuggingFaceH4_zephyr-7b-beta,,5.0,6.0,7.0
HuggingFaceH4_zephyr-7b-beta,,5.0,7.0,8.0
HuggingFaceH4_zephyr-7b-beta,,5.0,5.0,8.0
HuggingFaceH4_zephyr-7b-beta,,5.0,5.0,7.0
HuggingFaceH4_zephyr-7b-beta,,5.0,7.0,8.0
HuggingFaceH4_zephyr-7b-beta,,5.0,5.0,7.0
HuggingFaceH4_zephyr-7b-beta,,5.0,7.0,8.0
HuggingFaceH4_zephyr-7b-beta,,5.0,6.0,7.0
HuggingFaceH4_zephyr-7b-beta,,7.0,8.0,9.0
HuggingFaceH4_zephyr-7b-beta,,5.0,5.0,7.0
HuggingFaceH4_zephyr-7b-beta,,8.0,8.0,9.0
HuggingFaceH4_zephyr-7b-beta,,5.0,7.0,8.0
HuggingFaceH4_zephyr-7b-beta,,7.0,8.0,9.0
HuggingFaceH4_zephyr-7b-beta,,5.0,5.0,8.0
HuggingFaceH4_zephyr-7b-beta,,8.0,9.0,9.0
HuggingFaceH4_zephyr-7b-beta,,4.0,6.0,8.0
HuggingFaceH4_zephyr-7b-beta,,0.0,0.0,8.0
HuggingFaceH4_zephyr-7b-beta,,5.0,7.0,6.0
HuggingFaceH4_zephyr-7b-beta,,0.0,0.0,5.0
HuggingFaceH4_zephyr-7b-beta,,8.0,9.0,9.0
HuggingFaceH4_zephyr-7b-beta,,8.0,9.0,9.0
HuggingFaceH4_zephyr-7b-beta,,7.0,8.0,9.0
HuggingFaceH4_zephyr-7b-beta,,8.0,7.0,9.0
HuggingFaceH4_zephyr-7b-beta,,5.0,7.0,8.0
HuggingFaceH4_zephyr-7b-beta,,5.0,7.0,8.0
HuggingFaceH4_zephyr-7b-beta,,7.0,8.0,9.0
HuggingFaceH4_zephyr-7b-beta,,5.0,6.0,7.0
HuggingFaceH4_zephyr-7b-beta,,5.0,7.0,8.0
HuggingFaceH4_zephyr-7b-beta,,5.0,5.0,7.0
HuggingFaceH4_zephyr-7b-beta,,5.0,7.0,8.0
HuggingFaceH4_zephyr-7b-beta,,5.0,5.0,7.0
HuggingFaceH4_zephyr-7b-beta,,5.0,5.0,7.0
HuggingFaceH4_zephyr-7b-beta,,8.0,7.0,9.0
HuggingFaceH4_zephyr-7b-beta,,5.0,7.0,8.0
HuggingFaceH4_zephyr-7b-beta,,5.0,5.0,7.0
HuggingFaceH4_zephyr-7b-beta,,0.0,0.0,4.0
HuggingFaceH4_zephyr-7b-beta,,5.0,5.0,8.0
HuggingFaceH4_zephyr-7b-beta,,5.0,7.0,8.0
HuggingFaceH4_zephyr-7b-beta,,5.0,5.0,7.0
HuggingFaceH4_zephyr-7b-beta,,5.0,7.0,8.0
HuggingFaceH4_zephyr-7b-beta,,0.0,0.0,8.0
HuggingFaceH4_zephyr-7b-beta,,5.0,7.0,8.0
HuggingFaceH4_zephyr-7b-beta,,5.0,7.0,8.0
HuggingFaceH4_zephyr-7b-beta,,5.0,7.0,8.0
HuggingFaceH4_zephyr-7b-beta,,5.0,5.0,8.0
HuggingFaceH4_zephyr-7b-beta,,5.0,5.0,7.0
HuggingFaceH4_zephyr-7b-beta,,7.0,8.0,9.0
HuggingFaceH4_zephyr-7b-beta,,2.0,4.0,7.0
HuggingFaceH4_zephyr-7b-beta,,8.0,7.0,9.0
HuggingFaceH4_zephyr-7b-beta,,5.0,7.0,8.0
HuggingFaceH4_zephyr-7b-beta,,4.0,5.0,6.0
HuggingFaceH4_zephyr-7b-beta,,5.0,7.0,8.0
HuggingFaceH4_zephyr-7b-beta,,5.0,7.0,8.0
HuggingFaceH4_zephyr-7b-beta,,8.0,9.0,9.0
HuggingFaceH4_zephyr-7b-beta,,5.0,7.0,8.0
HuggingFaceH4_zephyr-7b-beta,,4.0,5.0,7.0
HuggingFaceH4_zephyr-7b-beta,,8.0,9.0,8.0
HuggingFaceH4_zephyr-7b-beta,,8.0,7.0,9.0
HuggingFaceH4_zephyr-7b-beta,,7.0,8.0,9.0
HuggingFaceH4_zephyr-7b-beta,,5.0,5.0,8.0
HuggingFaceH4_zephyr-7b-beta,,5.0,7.0,8.0
HuggingFaceH4_zephyr-7b-beta,,5.0,6.0,7.0
HuggingFaceH4_zephyr-7b-beta,,5.0,5.0,7.0
HuggingFaceH4_zephyr-7b-beta,,5.0,6.0,7.0
HuggingFaceH4_zephyr-7b-beta,,5.0,6.0,8.0
HuggingFaceH4_zephyr-7b-beta,,0.0,0.0,5.0
MLP-KTLim_llama-3-Korean-Bllossom-8B,,5.0,7.0,8.0
MLP-KTLim_llama-3-Korean-Bllossom-8B,,8.0,9.0,9.0
MLP-KTLim_llama-3-Korean-Bllossom-8B,,8.0,9.0,9.0
MLP-KTLim_llama-3-Korean-Bllossom-8B,,8.0,7.0,9.0
MLP-KTLim_llama-3-Korean-Bllossom-8B,,4.0,5.0,7.0
MLP-KTLim_llama-3-Korean-Bllossom-8B,,8.0,7.0,9.0
MLP-KTLim_llama-3-Korean-Bllossom-8B,,8.0,9.0,8.0
MLP-KTLim_llama-3-Korean-Bllossom-8B,,8.0,9.0,9.0
MLP-KTLim_llama-3-Korean-Bllossom-8B,,5.0,7.0,8.0
MLP-KTLim_llama-3-Korean-Bllossom-8B,,8.0,9.0,8.0
MLP-KTLim_llama-3-Korean-Bllossom-8B,,8.0,9.0,9.0
MLP-KTLim_llama-3-Korean-Bllossom-8B,,5.0,5.0,8.0
MLP-KTLim_llama-3-Korean-Bllossom-8B,,8.0,9.0,9.0
MLP-KTLim_llama-3-Korean-Bllossom-8B,,8.0,9.0,8.0
MLP-KTLim_llama-3-Korean-Bllossom-8B,,8.0,9.0,9.0
MLP-KTLim_llama-3-Korean-Bllossom-8B,,8.0,9.0,8.0
MLP-KTLim_llama-3-Korean-Bllossom-8B,,8.0,9.0,9.0
MLP-KTLim_llama-3-Korean-Bllossom-8B,,8.0,9.0,9.0
MLP-KTLim_llama-3-Korean-Bllossom-8B,,8.0,9.0,9.0
MLP-KTLim_llama-3-Korean-Bllossom-8B,,8.0,9.0,9.0
MLP-KTLim_llama-3-Korean-Bllossom-8B,,8.0,7.0,9.0
MLP-KTLim_llama-3-Korean-Bllossom-8B,,5.0,7.0,8.0
MLP-KTLim_llama-3-Korean-Bllossom-8B,,8.0,7.0,9.0
MLP-KTLim_llama-3-Korean-Bllossom-8B,,8.0,9.0,9.0
MLP-KTLim_llama-3-Korean-Bllossom-8B,,8.0,9.0,8.0
MLP-KTLim_llama-3-Korean-Bllossom-8B,,7.0,8.0,9.0
MLP-KTLim_llama-3-Korean-Bllossom-8B,,5.0,7.0,8.0
MLP-KTLim_llama-3-Korean-Bllossom-8B,,5.0,7.0,8.0
MLP-KTLim_llama-3-Korean-Bllossom-8B,,8.0,7.0,9.0
MLP-KTLim_llama-3-Korean-Bllossom-8B,,8.0,8.0,7.0
MLP-KTLim_llama-3-Korean-Bllossom-8B,,5.0,7.0,8.0
MLP-KTLim_llama-3-Korean-Bllossom-8B,,5.0,6.0,8.0
MLP-KTLim_llama-3-Korean-Bllossom-8B,,7.0,7.0,8.0
MLP-KTLim_llama-3-Korean-Bllossom-8B,,8.0,9.0,9.0
MLP-KTLim_llama-3-Korean-Bllossom-8B,,8.0,9.0,8.0
MLP-KTLim_llama-3-Korean-Bllossom-8B,,8.0,9.0,9.0
MLP-KTLim_llama-3-Korean-Bllossom-8B,,8.0,9.0,8.0
MLP-KTLim_llama-3-Korean-Bllossom-8B,,8.0,9.0,9.0
MLP-KTLim_llama-3-Korean-Bllossom-8B,,8.0,9.0,9.0
MLP-KTLim_llama-3-Korean-Bllossom-8B,,8.0,9.0,8.0
MLP-KTLim_llama-3-Korean-Bllossom-8B,,8.0,9.0,8.0
MLP-KTLim_llama-3-Korean-Bllossom-8B,,8.0,9.0,8.0
MLP-KTLim_llama-3-Korean-Bllossom-8B,,5.0,7.0,8.0
MLP-KTLim_llama-3-Korean-Bllossom-8B,,8.0,9.0,8.0
MLP-KTLim_llama-3-Korean-Bllossom-8B,,8.0,9.0,8.0
MLP-KTLim_llama-3-Korean-Bllossom-8B,,5.0,7.0,8.0
MLP-KTLim_llama-3-Korean-Bllossom-8B,,8.0,9.0,9.0
MLP-KTLim_llama-3-Korean-Bllossom-8B,,8.0,9.0,8.0
MLP-KTLim_llama-3-Korean-Bllossom-8B,,8.0,9.0,8.0
MLP-KTLim_llama-3-Korean-Bllossom-8B,,5.0,5.0,8.0
MLP-KTLim_llama-3-Korean-Bllossom-8B,,5.0,7.0,8.0
MLP-KTLim_llama-3-Korean-Bllossom-8B,,8.0,9.0,8.0
MLP-KTLim_llama-3-Korean-Bllossom-8B,,8.0,9.0,8.0
MLP-KTLim_llama-3-Korean-Bllossom-8B,,8.0,7.0,9.0
MLP-KTLim_llama-3-Korean-Bllossom-8B,,8.0,9.0,9.0
MLP-KTLim_llama-3-Korean-Bllossom-8B,,5.0,7.0,8.0
MLP-KTLim_llama-3-Korean-Bllossom-8B,,5.0,5.0,8.0
MLP-KTLim_llama-3-Korean-Bllossom-8B,,7.0,8.0,9.0
MLP-KTLim_llama-3-Korean-Bllossom-8B,,5.0,5.0,8.0
MLP-KTLim_llama-3-Korean-Bllossom-8B,,8.0,9.0,9.0
MLP-KTLim_llama-3-Korean-Bllossom-8B,,7.0,8.0,9.0
MLP-KTLim_llama-3-Korean-Bllossom-8B,,8.0,7.0,9.0
MLP-KTLim_llama-3-Korean-Bllossom-8B,,7.0,8.0,9.0
MLP-KTLim_llama-3-Korean-Bllossom-8B,,5.0,7.0,8.0
MLP-KTLim_llama-3-Korean-Bllossom-8B,,8.0,9.0,8.0
MLP-KTLim_llama-3-Korean-Bllossom-8B,,8.0,9.0,9.0
MLP-KTLim_llama-3-Korean-Bllossom-8B,,5.0,7.0,8.0
MLP-KTLim_llama-3-Korean-Bllossom-8B,,8.0,7.0,9.0
MLP-KTLim_llama-3-Korean-Bllossom-8B,,8.0,7.0,9.0
MLP-KTLim_llama-3-Korean-Bllossom-8B,,8.0,9.0,9.0
MLP-KTLim_llama-3-Korean-Bllossom-8B,,8.0,7.0,9.0
MLP-KTLim_llama-3-Korean-Bllossom-8B,,5.0,6.0,8.0
MLP-KTLim_llama-3-Korean-Bllossom-8B,,5.0,5.0,8.0
MLP-KTLim_llama-3-Korean-Bllossom-8B,,8.0,9.0,9.0
MLP-KTLim_llama-3-Korean-Bllossom-8B,,8.0,9.0,9.0
MLP-KTLim_llama-3-Korean-Bllossom-8B,,8.0,9.0,9.0
MLP-KTLim_llama-3-Korean-Bllossom-8B,,8.0,7.0,9.0
MLP-KTLim_llama-3-Korean-Bllossom-8B,,8.0,7.0,9.0
MLP-KTLim_llama-3-Korean-Bllossom-8B,,8.0,7.0,9.0
NCSOFT_Llama-VARCO-8B-Instruct,,8.0,9.0,9.0
NCSOFT_Llama-VARCO-8B-Instruct,,8.0,9.0,9.0
NCSOFT_Llama-VARCO-8B-Instruct,,8.0,9.0,9.0
NCSOFT_Llama-VARCO-8B-Instruct,,5.0,4.0,8.0
NCSOFT_Llama-VARCO-8B-Instruct,,8.0,9.0,8.0
NCSOFT_Llama-VARCO-8B-Instruct,,8.0,7.0,9.0
NCSOFT_Llama-VARCO-8B-Instruct,,8.0,9.0,9.0
NCSOFT_Llama-VARCO-8B-Instruct,,8.0,9.0,9.0
NCSOFT_Llama-VARCO-8B-Instruct,,8.0,9.0,8.0
NCSOFT_Llama-VARCO-8B-Instruct,,5.0,7.0,8.0
NCSOFT_Llama-VARCO-8B-Instruct,,8.0,9.0,9.0
NCSOFT_Llama-VARCO-8B-Instruct,,8.0,9.0,9.0
NCSOFT_Llama-VARCO-8B-Instruct,,8.0,9.0,9.0
NCSOFT_Llama-VARCO-8B-Instruct,,5.0,7.0,8.0
NCSOFT_Llama-VARCO-8B-Instruct,,8.0,7.0,9.0
NCSOFT_Llama-VARCO-8B-Instruct,,9.0,9.0,8.0
NCSOFT_Llama-VARCO-8B-Instruct,,8.0,9.0,9.0
NCSOFT_Llama-VARCO-8B-Instruct,,8.0,9.0,9.0
NCSOFT_Llama-VARCO-8B-Instruct,,8.0,7.0,9.0
NCSOFT_Llama-VARCO-8B-Instruct,,8.0,9.0,9.0
NCSOFT_Llama-VARCO-8B-Instruct,,8.0,7.0,9.0
NCSOFT_Llama-VARCO-8B-Instruct,,5.0,7.0,8.0
NCSOFT_Llama-VARCO-8B-Instruct,,8.0,9.0,9.0
NCSOFT_Llama-VARCO-8B-Instruct,,8.0,9.0,9.0
NCSOFT_Llama-VARCO-8B-Instruct,,8.0,9.0,9.0
NCSOFT_Llama-VARCO-8B-Instruct,,8.0,9.0,9.0
NCSOFT_Llama-VARCO-8B-Instruct,,8.0,9.0,9.0
NCSOFT_Llama-VARCO-8B-Instruct,,8.0,9.0,9.0
NCSOFT_Llama-VARCO-8B-Instruct,,8.0,9.0,8.0
NCSOFT_Llama-VARCO-8B-Instruct,,8.0,9.0,9.0
NCSOFT_Llama-VARCO-8B-Instruct,,8.0,9.0,9.0
NCSOFT_Llama-VARCO-8B-Instruct,,4.0,6.0,8.0
NCSOFT_Llama-VARCO-8B-Instruct,,8.0,9.0,9.0
NCSOFT_Llama-VARCO-8B-Instruct,,8.0,9.0,9.0
NCSOFT_Llama-VARCO-8B-Instruct,,8.0,9.0,9.0
NCSOFT_Llama-VARCO-8B-Instruct,,8.0,9.0,9.0
NCSOFT_Llama-VARCO-8B-Instruct,,8.0,9.0,9.0
NCSOFT_Llama-VARCO-8B-Instruct,,8.0,9.0,9.0
NCSOFT_Llama-VARCO-8B-Instruct,,8.0,9.0,9.0
NCSOFT_Llama-VARCO-8B-Instruct,,8.0,9.0,9.0
NCSOFT_Llama-VARCO-8B-Instruct,,8.0,9.0,9.0
NCSOFT_Llama-VARCO-8B-Instruct,,0.0,0.0,8.0
NCSOFT_Llama-VARCO-8B-Instruct,,8.0,9.0,9.0
NCSOFT_Llama-VARCO-8B-Instruct,,7.0,8.0,9.0
NCSOFT_Llama-VARCO-8B-Instruct,,8.0,9.0,9.0
NCSOFT_Llama-VARCO-8B-Instruct,,8.0,9.0,9.0
NCSOFT_Llama-VARCO-8B-Instruct,,8.0,9.0,9.0
NCSOFT_Llama-VARCO-8B-Instruct,,8.0,9.0,9.0
NCSOFT_Llama-VARCO-8B-Instruct,,8.0,9.0,9.0
NCSOFT_Llama-VARCO-8B-Instruct,,8.0,9.0,9.0
NCSOFT_Llama-VARCO-8B-Instruct,,8.0,7.0,9.0
NCSOFT_Llama-VARCO-8B-Instruct,,8.0,9.0,9.0
NCSOFT_Llama-VARCO-8B-Instruct,,8.0,9.0,9.0
NCSOFT_Llama-VARCO-8B-Instruct,,8.0,7.0,9.0
NCSOFT_Llama-VARCO-8B-Instruct,,8.0,9.0,9.0
NCSOFT_Llama-VARCO-8B-Instruct,,4.0,6.0,8.0
NCSOFT_Llama-VARCO-8B-Instruct,,8.0,9.0,9.0
NCSOFT_Llama-VARCO-8B-Instruct,,8.0,9.0,9.0
NCSOFT_Llama-VARCO-8B-Instruct,,5.0,7.0,8.0
NCSOFT_Llama-VARCO-8B-Instruct,,8.0,9.0,9.0
NCSOFT_Llama-VARCO-8B-Instruct,,8.0,9.0,9.0
NCSOFT_Llama-VARCO-8B-Instruct,,8.0,9.0,8.0
NCSOFT_Llama-VARCO-8B-Instruct,,7.0,8.0,9.0
NCSOFT_Llama-VARCO-8B-Instruct,,5.0,7.0,8.0
NCSOFT_Llama-VARCO-8B-Instruct,,8.0,9.0,9.0
NCSOFT_Llama-VARCO-8B-Instruct,,8.0,9.0,9.0
NCSOFT_Llama-VARCO-8B-Instruct,,6.0,7.0,8.0
NCSOFT_Llama-VARCO-8B-Instruct,,8.0,7.0,9.0
NCSOFT_Llama-VARCO-8B-Instruct,,8.0,7.0,9.0
NCSOFT_Llama-VARCO-8B-Instruct,,8.0,7.0,9.0
NCSOFT_Llama-VARCO-8B-Instruct,,8.0,9.0,9.0
NCSOFT_Llama-VARCO-8B-Instruct,,5.0,7.0,8.0
NCSOFT_Llama-VARCO-8B-Instruct,,8.0,9.0,8.0
NCSOFT_Llama-VARCO-8B-Instruct,,8.0,9.0,9.0
NCSOFT_Llama-VARCO-8B-Instruct,,8.0,9.0,9.0
NCSOFT_Llama-VARCO-8B-Instruct,,8.0,9.0,9.0
NCSOFT_Llama-VARCO-8B-Instruct,,8.0,7.0,9.0
NCSOFT_Llama-VARCO-8B-Instruct,,8.0,7.0,9.0
NCSOFT_Llama-VARCO-8B-Instruct,,8.0,7.0,9.0
Qwen_QwQ-32B-AWQ,,8.0,9.0,8.0
Qwen_QwQ-32B-AWQ,,8.0,7.0,9.0
Qwen_QwQ-32B-AWQ,,8.0,9.0,8.0
Qwen_QwQ-32B-AWQ,,8.0,9.0,7.0
Qwen_QwQ-32B-AWQ,,8.0,9.0,7.0
Qwen_QwQ-32B-AWQ,,8.0,9.0,9.0
Qwen_QwQ-32B-AWQ,,8.0,9.0,9.0
Qwen_QwQ-32B-AWQ,,9.0,9.0,8.0
Qwen_QwQ-32B-AWQ,,0.0,0.0,8.0
Qwen_QwQ-32B-AWQ,,8.0,7.0,9.0
Qwen_QwQ-32B-AWQ,,8.0,9.0,9.0
Qwen_QwQ-32B-AWQ,,8.0,7.0,9.0
Qwen_QwQ-32B-AWQ,,8.0,9.0,9.0
Qwen_QwQ-32B-AWQ,,8.0,9.0,9.0
Qwen_QwQ-32B-AWQ,,8.0,7.0,9.0
Qwen_QwQ-32B-AWQ,,8.0,9.0,7.0
Qwen_QwQ-32B-AWQ,,8.0,9.0,9.0
Qwen_QwQ-32B-AWQ,,8.0,9.0,9.0
Qwen_QwQ-32B-AWQ,,9.0,8.0,9.0
Qwen_QwQ-32B-AWQ,,8.0,9.0,8.0
Qwen_QwQ-32B-AWQ,,8.0,9.0,8.0
Qwen_QwQ-32B-AWQ,,5.0,7.0,8.0
Qwen_QwQ-32B-AWQ,,0.0,0.0,0.0
Qwen_QwQ-32B-AWQ,,8.0,9.0,9.0
Qwen_QwQ-32B-AWQ,,8.0,9.0,9.0
Qwen_QwQ-32B-AWQ,,8.0,9.0,9.0
Qwen_QwQ-32B-AWQ,,8.0,9.0,8.0
Qwen_QwQ-32B-AWQ,,8.0,9.0,8.0
Qwen_QwQ-32B-AWQ,,8.0,9.0,7.0
Qwen_QwQ-32B-AWQ,,7.0,8.0,9.0
Qwen_QwQ-32B-AWQ,,8.0,9.0,8.0
Qwen_QwQ-32B-AWQ,,9.0,9.0,8.0
Qwen_QwQ-32B-AWQ,,8.0,9.0,9.0
Qwen_QwQ-32B-AWQ,,8.0,9.0,9.0
Qwen_QwQ-32B-AWQ,,8.0,9.0,9.0
Qwen_QwQ-32B-AWQ,,8.0,9.0,9.0
Qwen_QwQ-32B-AWQ,,8.0,9.0,9.0
Qwen_QwQ-32B-AWQ,,8.0,9.0,9.0
Qwen_QwQ-32B-AWQ,,8.0,9.0,9.0
Qwen_QwQ-32B-AWQ,,8.0,9.0,8.0
Qwen_QwQ-32B-AWQ,,6.0,7.0,8.0
Qwen_QwQ-32B-AWQ,,5.0,5.0,8.0
Qwen_QwQ-32B-AWQ,,9.0,9.0,8.0
Qwen_QwQ-32B-AWQ,,8.0,9.0,8.0
Qwen_QwQ-32B-AWQ,,8.0,9.0,9.0
Qwen_QwQ-32B-AWQ,,8.0,9.0,9.0
Qwen_QwQ-32B-AWQ,,8.0,9.0,9.0
Qwen_QwQ-32B-AWQ,,8.0,9.0,9.0
Qwen_QwQ-32B-AWQ,,8.0,9.0,8.0
Qwen_QwQ-32B-AWQ,,6.0,8.0,9.0
Qwen_QwQ-32B-AWQ,,9.0,10.0,9.0
Qwen_QwQ-32B-AWQ,,8.0,9.0,8.0
Qwen_QwQ-32B-AWQ,,8.0,7.0,9.0
Qwen_QwQ-32B-AWQ,,8.0,9.0,9.0
Qwen_QwQ-32B-AWQ,,8.0,9.0,9.0
Qwen_QwQ-32B-AWQ,,5.0,7.0,6.0
Qwen_QwQ-32B-AWQ,,8.0,9.0,9.0
Qwen_QwQ-32B-AWQ,,0.0,0.0,5.0
Qwen_QwQ-32B-AWQ,,8.0,9.0,8.0
Qwen_QwQ-32B-AWQ,,8.0,9.0,9.0
Qwen_QwQ-32B-AWQ,,8.0,9.0,9.0
Qwen_QwQ-32B-AWQ,,8.0,9.0,9.0
Qwen_QwQ-32B-AWQ,,8.0,9.0,8.0
Qwen_QwQ-32B-AWQ,,5.0,6.0,8.0
Qwen_QwQ-32B-AWQ,,8.0,7.0,6.0
Qwen_QwQ-32B-AWQ,,8.0,9.0,9.0
Qwen_QwQ-32B-AWQ,,8.0,9.0,9.0
Qwen_QwQ-32B-AWQ,,8.0,7.0,9.0
Qwen_QwQ-32B-AWQ,,5.0,7.0,8.0
Qwen_QwQ-32B-AWQ,,8.0,9.0,9.0
Qwen_QwQ-32B-AWQ,,8.0,7.0,9.0
Qwen_QwQ-32B-AWQ,,5.0,7.0,8.0
Qwen_QwQ-32B-AWQ,,8.0,9.0,9.0
Qwen_QwQ-32B-AWQ,,8.0,9.0,9.0
Qwen_QwQ-32B-AWQ,,0.0,0.0,0.0
Qwen_QwQ-32B-AWQ,,7.0,6.0,8.0
Qwen_QwQ-32B-AWQ,,8.0,9.0,9.0
Qwen_QwQ-32B-AWQ,,8.0,7.0,9.0
Qwen_QwQ-32B-AWQ,,8.0,7.0,9.0
Qwen_Qwen2.5-1.5B-Instruct,,5.0,7.0,8.0
Qwen_Qwen2.5-1.5B-Instruct,,5.0,5.0,7.0
Qwen_Qwen2.5-1.5B-Instruct,,8.0,9.0,9.0
Qwen_Qwen2.5-1.5B-Instruct,,5.0,6.0,7.0
Qwen_Qwen2.5-1.5B-Instruct,,5.0,5.0,7.0
Qwen_Qwen2.5-1.5B-Instruct,,5.0,7.0,8.0
Qwen_Qwen2.5-1.5B-Instruct,,5.0,7.0,8.0
Qwen_Qwen2.5-1.5B-Instruct,,6.0,7.0,8.0
Qwen_Qwen2.5-1.5B-Instruct,,0.0,0.0,5.0
Qwen_Qwen2.5-1.5B-Instruct,,5.0,7.0,8.0
Qwen_Qwen2.5-1.5B-Instruct,,7.0,8.0,9.0
Qwen_Qwen2.5-1.5B-Instruct,,7.0,8.0,9.0
Qwen_Qwen2.5-1.5B-Instruct,,8.0,7.0,9.0
Qwen_Qwen2.5-1.5B-Instruct,,4.0,6.0,7.0
Qwen_Qwen2.5-1.5B-Instruct,,5.0,5.0,7.0
Qwen_Qwen2.5-1.5B-Instruct,,6.0,6.0,8.0
Qwen_Qwen2.5-1.5B-Instruct,,5.0,7.0,8.0
Qwen_Qwen2.5-1.5B-Instruct,,8.0,7.0,8.0
Qwen_Qwen2.5-1.5B-Instruct,,5.0,5.0,8.0
Qwen_Qwen2.5-1.5B-Instruct,,8.0,9.0,9.0
Qwen_Qwen2.5-1.5B-Instruct,,8.0,9.0,8.0
Qwen_Qwen2.5-1.5B-Instruct,,0.0,5.0,7.0
Qwen_Qwen2.5-1.5B-Instruct,,0.0,0.0,5.0
Qwen_Qwen2.5-1.5B-Instruct,,7.0,8.0,6.0
Qwen_Qwen2.5-1.5B-Instruct,,5.0,6.0,7.0
Qwen_Qwen2.5-1.5B-Instruct,,5.0,7.0,8.0
Qwen_Qwen2.5-1.5B-Instruct,,7.0,8.0,9.0
Qwen_Qwen2.5-1.5B-Instruct,,0.0,0.0,5.0
Qwen_Qwen2.5-1.5B-Instruct,,4.0,6.0,7.0
Qwen_Qwen2.5-1.5B-Instruct,,5.0,6.0,7.0
Qwen_Qwen2.5-1.5B-Instruct,,6.0,7.0,5.0
Qwen_Qwen2.5-1.5B-Instruct,,5.0,7.0,8.0
Qwen_Qwen2.5-1.5B-Instruct,,7.0,8.0,9.0
Qwen_Qwen2.5-1.5B-Instruct,,8.0,9.0,9.0
Qwen_Qwen2.5-1.5B-Instruct,,4.0,6.0,7.0
Qwen_Qwen2.5-1.5B-Instruct,,7.0,8.0,9.0
Qwen_Qwen2.5-1.5B-Instruct,,0.0,0.0,5.0
Qwen_Qwen2.5-1.5B-Instruct,,5.0,7.0,8.0
Qwen_Qwen2.5-1.5B-Instruct,,8.0,9.0,7.0
Qwen_Qwen2.5-1.5B-Instruct,,8.0,9.0,9.0
Qwen_Qwen2.5-1.5B-Instruct,,7.0,8.0,9.0
Qwen_Qwen2.5-1.5B-Instruct,,5.0,7.0,8.0
Qwen_Qwen2.5-1.5B-Instruct,,7.0,8.0,9.0
Qwen_Qwen2.5-1.5B-Instruct,,5.0,6.0,7.0
Qwen_Qwen2.5-1.5B-Instruct,,8.0,9.0,8.0
Qwen_Qwen2.5-1.5B-Instruct,,8.0,9.0,8.0
Qwen_Qwen2.5-1.5B-Instruct,,5.0,7.0,8.0
Qwen_Qwen2.5-1.5B-Instruct,,8.0,9.0,8.0
Qwen_Qwen2.5-1.5B-Instruct,,7.0,8.0,8.0
Qwen_Qwen2.5-1.5B-Instruct,,0.0,0.0,5.0
Qwen_Qwen2.5-1.5B-Instruct,,5.0,7.0,8.0
Qwen_Qwen2.5-1.5B-Instruct,,5.0,7.0,8.0
Qwen_Qwen2.5-1.5B-Instruct,,7.0,8.0,9.0
Qwen_Qwen2.5-1.5B-Instruct,,5.0,4.0,7.0
Qwen_Qwen2.5-1.5B-Instruct,,5.0,5.0,7.0
Qwen_Qwen2.5-1.5B-Instruct,,5.0,7.0,6.0
Qwen_Qwen2.5-1.5B-Instruct,,8.0,7.0,9.0
Qwen_Qwen2.5-1.5B-Instruct,,4.0,6.0,7.0
Qwen_Qwen2.5-1.5B-Instruct,,0.0,0.0,2.0
Qwen_Qwen2.5-1.5B-Instruct,,5.0,7.0,8.0
Qwen_Qwen2.5-1.5B-Instruct,,5.0,5.0,8.0
Qwen_Qwen2.5-1.5B-Instruct,,5.0,7.0,8.0
Qwen_Qwen2.5-1.5B-Instruct,,5.0,6.0,7.0
Qwen_Qwen2.5-1.5B-Instruct,,5.0,7.0,4.0
Qwen_Qwen2.5-1.5B-Instruct,,8.0,9.0,8.0
Qwen_Qwen2.5-1.5B-Instruct,,8.0,9.0,9.0
Qwen_Qwen2.5-1.5B-Instruct,,4.0,6.0,8.0
Qwen_Qwen2.5-1.5B-Instruct,,5.0,5.0,8.0
Qwen_Qwen2.5-1.5B-Instruct,,5.0,6.0,7.0
Qwen_Qwen2.5-1.5B-Instruct,,7.0,8.0,9.0
Qwen_Qwen2.5-1.5B-Instruct,,8.0,9.0,7.0
Qwen_Qwen2.5-1.5B-Instruct,,8.0,9.0,8.0
Qwen_Qwen2.5-1.5B-Instruct,,5.0,5.0,8.0
Qwen_Qwen2.5-1.5B-Instruct,,0.0,0.0,2.0
Qwen_Qwen2.5-1.5B-Instruct,,0.0,0.0,5.0
Qwen_Qwen2.5-1.5B-Instruct,,5.0,7.0,8.0
Qwen_Qwen2.5-1.5B-Instruct,,5.0,6.0,7.0
Qwen_Qwen2.5-1.5B-Instruct,,5.0,7.0,8.0
Qwen_Qwen2.5-1.5B-Instruct,,5.0,6.0,8.0
Qwen_Qwen2.5-14B-Instruct-AWQ,,8.0,9.0,9.0
Qwen_Qwen2.5-14B-Instruct-AWQ,,8.0,9.0,9.0
Qwen_Qwen2.5-14B-Instruct-AWQ,,8.0,9.0,9.0
Qwen_Qwen2.5-14B-Instruct-AWQ,,7.0,8.0,9.0
Qwen_Qwen2.5-14B-Instruct-AWQ,,8.0,9.0,9.0
Qwen_Qwen2.5-14B-Instruct-AWQ,,8.0,9.0,8.0
Qwen_Qwen2.5-14B-Instruct-AWQ,,8.0,9.0,8.0
Qwen_Qwen2.5-14B-Instruct-AWQ,,8.0,9.0,9.0
Qwen_Qwen2.5-14B-Instruct-AWQ,,8.0,9.0,9.0
Qwen_Qwen2.5-14B-Instruct-AWQ,,5.0,7.0,8.0
Qwen_Qwen2.5-14B-Instruct-AWQ,,8.0,9.0,9.0
Qwen_Qwen2.5-14B-Instruct-AWQ,,5.0,7.0,8.0
Qwen_Qwen2.5-14B-Instruct-AWQ,,8.0,9.0,9.0
Qwen_Qwen2.5-14B-Instruct-AWQ,,8.0,9.0,9.0
Qwen_Qwen2.5-14B-Instruct-AWQ,,8.0,9.0,9.0
Qwen_Qwen2.5-14B-Instruct-AWQ,,8.0,9.0,9.0
Qwen_Qwen2.5-14B-Instruct-AWQ,,8.0,9.0,9.0
Qwen_Qwen2.5-14B-Instruct-AWQ,,8.0,9.0,9.0
Qwen_Qwen2.5-14B-Instruct-AWQ,,8.0,7.0,9.0
Qwen_Qwen2.5-14B-Instruct-AWQ,,8.0,9.0,9.0
Qwen_Qwen2.5-14B-Instruct-AWQ,,5.0,7.0,8.0
Qwen_Qwen2.5-14B-Instruct-AWQ,,5.0,6.0,8.0
Qwen_Qwen2.5-14B-Instruct-AWQ,,8.0,9.0,9.0
Qwen_Qwen2.5-14B-Instruct-AWQ,,8.0,9.0,9.0
Qwen_Qwen2.5-14B-Instruct-AWQ,,8.0,9.0,9.0
Qwen_Qwen2.5-14B-Instruct-AWQ,,8.0,9.0,8.0
Qwen_Qwen2.5-14B-Instruct-AWQ,,8.0,9.0,9.0
Qwen_Qwen2.5-14B-Instruct-AWQ,,8.0,7.0,9.0
Qwen_Qwen2.5-14B-Instruct-AWQ,,8.0,9.0,9.0
Qwen_Qwen2.5-14B-Instruct-AWQ,,8.0,9.0,9.0
Qwen_Qwen2.5-14B-Instruct-AWQ,,8.0,9.0,9.0
Qwen_Qwen2.5-14B-Instruct-AWQ,,5.0,7.0,8.0
Qwen_Qwen2.5-14B-Instruct-AWQ,,8.0,9.0,9.0
Qwen_Qwen2.5-14B-Instruct-AWQ,,8.0,9.0,9.0
Qwen_Qwen2.5-14B-Instruct-AWQ,,8.0,9.0,9.0
Qwen_Qwen2.5-14B-Instruct-AWQ,,8.0,9.0,9.0
Qwen_Qwen2.5-14B-Instruct-AWQ,,8.0,9.0,9.0
Qwen_Qwen2.5-14B-Instruct-AWQ,,8.0,9.0,9.0
Qwen_Qwen2.5-14B-Instruct-AWQ,,8.0,9.0,8.0
Qwen_Qwen2.5-14B-Instruct-AWQ,,8.0,9.0,9.0
Qwen_Qwen2.5-14B-Instruct-AWQ,,8.0,9.0,8.0
Qwen_Qwen2.5-14B-Instruct-AWQ,,8.0,9.0,8.0
Qwen_Qwen2.5-14B-Instruct-AWQ,,8.0,9.0,9.0
Qwen_Qwen2.5-14B-Instruct-AWQ,,8.0,9.0,9.0
Qwen_Qwen2.5-14B-Instruct-AWQ,,8.0,9.0,9.0
Qwen_Qwen2.5-14B-Instruct-AWQ,,8.0,9.0,9.0
Qwen_Qwen2.5-14B-Instruct-AWQ,,8.0,9.0,9.0
Qwen_Qwen2.5-14B-Instruct-AWQ,,8.0,9.0,9.0
Qwen_Qwen2.5-14B-Instruct-AWQ,,8.0,9.0,8.0
Qwen_Qwen2.5-14B-Instruct-AWQ,,5.0,7.0,8.0
Qwen_Qwen2.5-14B-Instruct-AWQ,,8.0,7.0,9.0
Qwen_Qwen2.5-14B-Instruct-AWQ,,8.0,9.0,9.0
Qwen_Qwen2.5-14B-Instruct-AWQ,,8.0,9.0,9.0
Qwen_Qwen2.5-14B-Instruct-AWQ,,8.0,7.0,9.0
Qwen_Qwen2.5-14B-Instruct-AWQ,,8.0,9.0,9.0
Qwen_Qwen2.5-14B-Instruct-AWQ,,7.0,8.0,9.0
Qwen_Qwen2.5-14B-Instruct-AWQ,,5.0,7.0,8.0
Qwen_Qwen2.5-14B-Instruct-AWQ,,8.0,7.0,9.0
Qwen_Qwen2.5-14B-Instruct-AWQ,,8.0,9.0,8.0
Qwen_Qwen2.5-14B-Instruct-AWQ,,8.0,9.0,9.0
Qwen_Qwen2.5-14B-Instruct-AWQ,,5.0,7.0,8.0
Qwen_Qwen2.5-14B-Instruct-AWQ,,8.0,7.0,9.0
Qwen_Qwen2.5-14B-Instruct-AWQ,,7.0,8.0,9.0
Qwen_Qwen2.5-14B-Instruct-AWQ,,8.0,9.0,9.0
Qwen_Qwen2.5-14B-Instruct-AWQ,,8.0,9.0,9.0
Qwen_Qwen2.5-14B-Instruct-AWQ,,8.0,9.0,9.0
Qwen_Qwen2.5-14B-Instruct-AWQ,,8.0,9.0,9.0
Qwen_Qwen2.5-14B-Instruct-AWQ,,8.0,7.0,9.0
Qwen_Qwen2.5-14B-Instruct-AWQ,,8.0,7.0,9.0
Qwen_Qwen2.5-14B-Instruct-AWQ,,8.0,9.0,7.0
Qwen_Qwen2.5-14B-Instruct-AWQ,,8.0,9.0,9.0
Qwen_Qwen2.5-14B-Instruct-AWQ,,5.0,7.0,8.0
Qwen_Qwen2.5-14B-Instruct-AWQ,,5.0,5.0,8.0
Qwen_Qwen2.5-14B-Instruct-AWQ,,8.0,9.0,9.0
Qwen_Qwen2.5-14B-Instruct-AWQ,,8.0,9.0,9.0
Qwen_Qwen2.5-14B-Instruct-AWQ,,8.0,9.0,9.0
Qwen_Qwen2.5-14B-Instruct-AWQ,,8.0,7.0,9.0
Qwen_Qwen2.5-14B-Instruct-AWQ,,8.0,7.0,9.0
Qwen_Qwen2.5-14B-Instruct-AWQ,,8.0,9.0,9.0
Qwen_Qwen2.5-32B-Instruct-AWQ,,5.0,7.0,8.0
Qwen_Qwen2.5-32B-Instruct-AWQ,,8.0,9.0,9.0
Qwen_Qwen2.5-32B-Instruct-AWQ,,8.0,9.0,9.0
Qwen_Qwen2.5-32B-Instruct-AWQ,,8.0,9.0,9.0
Qwen_Qwen2.5-32B-Instruct-AWQ,,8.0,9.0,9.0
Qwen_Qwen2.5-32B-Instruct-AWQ,,8.0,9.0,8.0
Qwen_Qwen2.5-32B-Instruct-AWQ,,8.0,9.0,9.0
Qwen_Qwen2.5-32B-Instruct-AWQ,,8.0,9.0,9.0
Qwen_Qwen2.5-32B-Instruct-AWQ,,5.0,7.0,8.0
Qwen_Qwen2.5-32B-Instruct-AWQ,,7.0,8.0,9.0
Qwen_Qwen2.5-32B-Instruct-AWQ,,8.0,9.0,9.0
Qwen_Qwen2.5-32B-Instruct-AWQ,,5.0,7.0,8.0
Qwen_Qwen2.5-32B-Instruct-AWQ,,8.0,9.0,9.0
Qwen_Qwen2.5-32B-Instruct-AWQ,,8.0,9.0,9.0
Qwen_Qwen2.5-32B-Instruct-AWQ,,8.0,9.0,9.0
Qwen_Qwen2.5-32B-Instruct-AWQ,,8.0,9.0,9.0
Qwen_Qwen2.5-32B-Instruct-AWQ,,8.0,9.0,9.0
Qwen_Qwen2.5-32B-Instruct-AWQ,,8.0,9.0,9.0
Qwen_Qwen2.5-32B-Instruct-AWQ,,7.0,6.0,8.0
Qwen_Qwen2.5-32B-Instruct-AWQ,,8.0,9.0,9.0
Qwen_Qwen2.5-32B-Instruct-AWQ,,8.0,9.0,9.0
Qwen_Qwen2.5-32B-Instruct-AWQ,,5.0,6.0,8.0
Qwen_Qwen2.5-32B-Instruct-AWQ,,5.0,7.0,8.0
Qwen_Qwen2.5-32B-Instruct-AWQ,,8.0,9.0,9.0
Qwen_Qwen2.5-32B-Instruct-AWQ,,8.0,9.0,9.0
Qwen_Qwen2.5-32B-Instruct-AWQ,,8.0,7.0,9.0
Qwen_Qwen2.5-32B-Instruct-AWQ,,8.0,9.0,9.0
Qwen_Qwen2.5-32B-Instruct-AWQ,,5.0,6.0,8.0
Qwen_Qwen2.5-32B-Instruct-AWQ,,8.0,9.0,9.0
Qwen_Qwen2.5-32B-Instruct-AWQ,,8.0,9.0,9.0
Qwen_Qwen2.5-32B-Instruct-AWQ,,8.0,9.0,9.0
Qwen_Qwen2.5-32B-Instruct-AWQ,,6.0,7.0,8.0
Qwen_Qwen2.5-32B-Instruct-AWQ,,8.0,9.0,9.0
Qwen_Qwen2.5-32B-Instruct-AWQ,,8.0,9.0,8.0
Qwen_Qwen2.5-32B-Instruct-AWQ,,8.0,9.0,9.0
Qwen_Qwen2.5-32B-Instruct-AWQ,,8.0,9.0,9.0
Qwen_Qwen2.5-32B-Instruct-AWQ,,8.0,7.0,9.0
Qwen_Qwen2.5-32B-Instruct-AWQ,,8.0,9.0,9.0
Qwen_Qwen2.5-32B-Instruct-AWQ,,8.0,9.0,8.0
Qwen_Qwen2.5-32B-Instruct-AWQ,,8.0,9.0,9.0
Qwen_Qwen2.5-32B-Instruct-AWQ,,8.0,9.0,9.0
Qwen_Qwen2.5-32B-Instruct-AWQ,,8.0,9.0,9.0
Qwen_Qwen2.5-32B-Instruct-AWQ,,8.0,9.0,9.0
Qwen_Qwen2.5-32B-Instruct-AWQ,,7.0,8.0,9.0
Qwen_Qwen2.5-32B-Instruct-AWQ,,8.0,9.0,9.0
Qwen_Qwen2.5-32B-Instruct-AWQ,,8.0,9.0,9.0
Qwen_Qwen2.5-32B-Instruct-AWQ,,8.0,9.0,9.0
Qwen_Qwen2.5-32B-Instruct-AWQ,,8.0,9.0,9.0
Qwen_Qwen2.5-32B-Instruct-AWQ,,8.0,9.0,8.0
Qwen_Qwen2.5-32B-Instruct-AWQ,,8.0,9.0,9.0
Qwen_Qwen2.5-32B-Instruct-AWQ,,8.0,9.0,9.0
Qwen_Qwen2.5-32B-Instruct-AWQ,,7.0,8.0,9.0
Qwen_Qwen2.5-32B-Instruct-AWQ,,8.0,9.0,9.0
Qwen_Qwen2.5-32B-Instruct-AWQ,,8.0,9.0,9.0
Qwen_Qwen2.5-32B-Instruct-AWQ,,8.0,9.0,9.0
Qwen_Qwen2.5-32B-Instruct-AWQ,,8.0,9.0,9.0
Qwen_Qwen2.5-32B-Instruct-AWQ,,8.0,9.0,9.0
Qwen_Qwen2.5-32B-Instruct-AWQ,,8.0,9.0,9.0
Qwen_Qwen2.5-32B-Instruct-AWQ,,8.0,9.0,9.0
Qwen_Qwen2.5-32B-Instruct-AWQ,,8.0,9.0,9.0
Qwen_Qwen2.5-32B-Instruct-AWQ,,5.0,7.0,8.0
Qwen_Qwen2.5-32B-Instruct-AWQ,,8.0,7.0,9.0
Qwen_Qwen2.5-32B-Instruct-AWQ,,8.0,9.0,9.0
Qwen_Qwen2.5-32B-Instruct-AWQ,,8.0,7.0,9.0
Qwen_Qwen2.5-32B-Instruct-AWQ,,8.0,9.0,9.0
Qwen_Qwen2.5-32B-Instruct-AWQ,,8.0,9.0,9.0
Qwen_Qwen2.5-32B-Instruct-AWQ,,8.0,9.0,9.0
Qwen_Qwen2.5-32B-Instruct-AWQ,,5.0,7.0,8.0
Qwen_Qwen2.5-32B-Instruct-AWQ,,8.0,7.0,9.0
Qwen_Qwen2.5-32B-Instruct-AWQ,,8.0,9.0,9.0
Qwen_Qwen2.5-32B-Instruct-AWQ,,8.0,9.0,9.0
Qwen_Qwen2.5-32B-Instruct-AWQ,,8.0,7.0,9.0
Qwen_Qwen2.5-32B-Instruct-AWQ,,5.0,5.0,8.0
Qwen_Qwen2.5-32B-Instruct-AWQ,,8.0,9.0,9.0
Qwen_Qwen2.5-32B-Instruct-AWQ,,8.0,9.0,9.0
Qwen_Qwen2.5-32B-Instruct-AWQ,,8.0,9.0,9.0
Qwen_Qwen2.5-32B-Instruct-AWQ,,8.0,7.0,9.0
Qwen_Qwen2.5-32B-Instruct-AWQ,,8.0,7.0,9.0
Qwen_Qwen2.5-32B-Instruct-AWQ,,8.0,9.0,9.0
Qwen_Qwen2.5-3B-Instruct,,5.0,7.0,8.0
Qwen_Qwen2.5-3B-Instruct,,8.0,9.0,9.0
Qwen_Qwen2.5-3B-Instruct,,5.0,6.0,7.0
Qwen_Qwen2.5-3B-Instruct,,5.0,5.0,7.0
Qwen_Qwen2.5-3B-Instruct,,0.0,0.0,8.0
Qwen_Qwen2.5-3B-Instruct,,7.0,8.0,9.0
Qwen_Qwen2.5-3B-Instruct,,8.0,9.0,9.0
Qwen_Qwen2.5-3B-Instruct,,5.0,8.0,9.0
Qwen_Qwen2.5-3B-Instruct,,8.0,9.0,8.0
Qwen_Qwen2.5-3B-Instruct,,8.0,9.0,8.0
Qwen_Qwen2.5-3B-Instruct,,7.0,8.0,9.0
Qwen_Qwen2.5-3B-Instruct,,5.0,6.0,7.0
Qwen_Qwen2.5-3B-Instruct,,8.0,9.0,7.0
Qwen_Qwen2.5-3B-Instruct,,8.0,9.0,8.0
Qwen_Qwen2.5-3B-Instruct,,5.0,7.0,8.0
Qwen_Qwen2.5-3B-Instruct,,6.0,7.0,8.0
Qwen_Qwen2.5-3B-Instruct,,8.0,9.0,9.0
Qwen_Qwen2.5-3B-Instruct,,8.0,9.0,9.0
Qwen_Qwen2.5-3B-Instruct,,8.0,7.0,9.0
Qwen_Qwen2.5-3B-Instruct,,8.0,9.0,8.0
Qwen_Qwen2.5-3B-Instruct,,8.0,9.0,8.0
Qwen_Qwen2.5-3B-Instruct,,5.0,7.0,8.0
Qwen_Qwen2.5-3B-Instruct,,5.0,7.0,8.0
Qwen_Qwen2.5-3B-Instruct,,8.0,9.0,9.0
Qwen_Qwen2.5-3B-Instruct,,8.0,9.0,9.0
Qwen_Qwen2.5-3B-Instruct,,7.0,8.0,9.0
Qwen_Qwen2.5-3B-Instruct,,8.0,7.0,9.0
Qwen_Qwen2.5-3B-Instruct,,5.0,7.0,8.0
Qwen_Qwen2.5-3B-Instruct,,8.0,9.0,9.0
Qwen_Qwen2.5-3B-Instruct,,8.0,7.0,9.0
Qwen_Qwen2.5-3B-Instruct,,8.0,9.0,9.0
Qwen_Qwen2.5-3B-Instruct,,8.0,9.0,7.0
Qwen_Qwen2.5-3B-Instruct,,8.0,9.0,9.0
Qwen_Qwen2.5-3B-Instruct,,8.0,9.0,9.0
Qwen_Qwen2.5-3B-Instruct,,8.0,9.0,9.0
Qwen_Qwen2.5-3B-Instruct,,8.0,7.0,9.0
Qwen_Qwen2.5-3B-Instruct,,0.0,0.0,8.0
Qwen_Qwen2.5-3B-Instruct,,8.0,9.0,9.0
Qwen_Qwen2.5-3B-Instruct,,8.0,9.0,9.0
Qwen_Qwen2.5-3B-Instruct,,8.0,9.0,9.0
Qwen_Qwen2.5-3B-Instruct,,5.0,7.0,8.0
Qwen_Qwen2.5-3B-Instruct,,8.0,9.0,9.0
Qwen_Qwen2.5-3B-Instruct,,7.0,8.0,9.0
Qwen_Qwen2.5-3B-Instruct,,7.0,8.0,9.0
Qwen_Qwen2.5-3B-Instruct,,8.0,9.0,9.0
Qwen_Qwen2.5-3B-Instruct,,8.0,9.0,9.0
Qwen_Qwen2.5-3B-Instruct,,8.0,9.0,9.0
Qwen_Qwen2.5-3B-Instruct,,8.0,7.0,9.0
Qwen_Qwen2.5-3B-Instruct,,7.0,8.0,9.0
Qwen_Qwen2.5-3B-Instruct,,8.0,9.0,9.0
Qwen_Qwen2.5-3B-Instruct,,0.0,0.0,8.0
Qwen_Qwen2.5-3B-Instruct,,8.0,9.0,9.0
Qwen_Qwen2.5-3B-Instruct,,7.0,8.0,9.0
Qwen_Qwen2.5-3B-Instruct,,0.0,0.0,8.0
Qwen_Qwen2.5-3B-Instruct,,8.0,9.0,9.0
Qwen_Qwen2.5-3B-Instruct,,8.0,9.0,9.0
Qwen_Qwen2.5-3B-Instruct,,5.0,7.0,8.0
Qwen_Qwen2.5-3B-Instruct,,5.0,7.0,8.0
Qwen_Qwen2.5-3B-Instruct,,8.0,9.0,8.0
Qwen_Qwen2.5-3B-Instruct,,5.0,7.0,8.0
Qwen_Qwen2.5-3B-Instruct,,8.0,7.0,9.0
Qwen_Qwen2.5-3B-Instruct,,5.0,7.0,8.0
Qwen_Qwen2.5-3B-Instruct,,5.0,6.0,8.0
Qwen_Qwen2.5-3B-Instruct,,8.0,7.0,9.0
Qwen_Qwen2.5-3B-Instruct,,8.0,9.0,8.0
Qwen_Qwen2.5-3B-Instruct,,7.0,8.0,9.0
Qwen_Qwen2.5-3B-Instruct,,5.0,7.0,8.0
Qwen_Qwen2.5-3B-Instruct,,5.0,7.0,8.0
Qwen_Qwen2.5-3B-Instruct,,7.0,8.0,9.0
Qwen_Qwen2.5-3B-Instruct,,8.0,9.0,9.0
Qwen_Qwen2.5-3B-Instruct,,8.0,7.0,9.0
Qwen_Qwen2.5-3B-Instruct,,5.0,7.0,8.0
Qwen_Qwen2.5-3B-Instruct,,5.0,5.0,8.0
Qwen_Qwen2.5-3B-Instruct,,5.0,7.0,8.0
Qwen_Qwen2.5-3B-Instruct,,8.0,9.0,8.0
Qwen_Qwen2.5-3B-Instruct,,5.0,7.0,8.0
Qwen_Qwen2.5-3B-Instruct,,5.0,7.0,8.0
Qwen_Qwen2.5-3B-Instruct,,8.0,7.0,9.0
Qwen_Qwen2.5-3B-Instruct,,8.0,7.0,9.0
Qwen_Qwen2.5-7B-Instruct-AWQ,,5.0,8.0,9.0
Qwen_Qwen2.5-7B-Instruct-AWQ,,8.0,9.0,9.0
Qwen_Qwen2.5-7B-Instruct-AWQ,,8.0,9.0,9.0
Qwen_Qwen2.5-7B-Instruct-AWQ,,8.0,9.0,9.0
Qwen_Qwen2.5-7B-Instruct-AWQ,,8.0,9.0,9.0
Qwen_Qwen2.5-7B-Instruct-AWQ,,8.0,9.0,9.0
Qwen_Qwen2.5-7B-Instruct-AWQ,,8.0,9.0,9.0
Qwen_Qwen2.5-7B-Instruct-AWQ,,7.0,8.0,9.0
Qwen_Qwen2.5-7B-Instruct-AWQ,,5.0,5.0,8.0
Qwen_Qwen2.5-7B-Instruct-AWQ,,5.0,7.0,8.0
Qwen_Qwen2.5-7B-Instruct-AWQ,,8.0,9.0,9.0
Qwen_Qwen2.5-7B-Instruct-AWQ,,5.0,7.0,8.0
Qwen_Qwen2.5-7B-Instruct-AWQ,,8.0,9.0,9.0
Qwen_Qwen2.5-7B-Instruct-AWQ,,9.0,9.0,8.0
Qwen_Qwen2.5-7B-Instruct-AWQ,,8.0,9.0,8.0
Qwen_Qwen2.5-7B-Instruct-AWQ,,6.0,8.0,4.0
Qwen_Qwen2.5-7B-Instruct-AWQ,,8.0,9.0,8.0
Qwen_Qwen2.5-7B-Instruct-AWQ,,5.0,7.0,8.0
Qwen_Qwen2.5-7B-Instruct-AWQ,,8.0,8.0,9.0
Qwen_Qwen2.5-7B-Instruct-AWQ,,5.0,5.0,8.0
Qwen_Qwen2.5-7B-Instruct-AWQ,,8.0,9.0,9.0
Qwen_Qwen2.5-7B-Instruct-AWQ,,5.0,7.0,8.0
Qwen_Qwen2.5-7B-Instruct-AWQ,,0.0,5.0,8.0
Qwen_Qwen2.5-7B-Instruct-AWQ,,8.0,9.0,9.0
Qwen_Qwen2.5-7B-Instruct-AWQ,,8.0,9.0,9.0
Qwen_Qwen2.5-7B-Instruct-AWQ,,8.0,9.0,8.0
Qwen_Qwen2.5-7B-Instruct-AWQ,,8.0,9.0,7.0
Qwen_Qwen2.5-7B-Instruct-AWQ,,5.0,7.0,8.0
Qwen_Qwen2.5-7B-Instruct-AWQ,,8.0,9.0,9.0
Qwen_Qwen2.5-7B-Instruct-AWQ,,8.0,9.0,9.0
Qwen_Qwen2.5-7B-Instruct-AWQ,,8.0,9.0,9.0
Qwen_Qwen2.5-7B-Instruct-AWQ,,5.0,7.0,8.0
Qwen_Qwen2.5-7B-Instruct-AWQ,,8.0,9.0,9.0
Qwen_Qwen2.5-7B-Instruct-AWQ,,8.0,9.0,9.0
Qwen_Qwen2.5-7B-Instruct-AWQ,,8.0,7.0,9.0
Qwen_Qwen2.5-7B-Instruct-AWQ,,5.0,7.0,8.0
Qwen_Qwen2.5-7B-Instruct-AWQ,,8.0,8.0,9.0
Qwen_Qwen2.5-7B-Instruct-AWQ,,8.0,9.0,9.0
Qwen_Qwen2.5-7B-Instruct-AWQ,,8.0,9.0,9.0
Qwen_Qwen2.5-7B-Instruct-AWQ,,8.0,9.0,8.0
Qwen_Qwen2.5-7B-Instruct-AWQ,,8.0,9.0,9.0
Qwen_Qwen2.5-7B-Instruct-AWQ,,5.0,7.0,8.0
Qwen_Qwen2.5-7B-Instruct-AWQ,,5.0,7.0,8.0
Qwen_Qwen2.5-7B-Instruct-AWQ,,8.0,9.0,8.0
Qwen_Qwen2.5-7B-Instruct-AWQ,,8.0,9.0,9.0
Qwen_Qwen2.5-7B-Instruct-AWQ,,8.0,9.0,9.0
Qwen_Qwen2.5-7B-Instruct-AWQ,,8.0,9.0,9.0
Qwen_Qwen2.5-7B-Instruct-AWQ,,0.0,0.0,8.0
Qwen_Qwen2.5-7B-Instruct-AWQ,,8.0,9.0,9.0
Qwen_Qwen2.5-7B-Instruct-AWQ,,8.0,9.0,9.0
Qwen_Qwen2.5-7B-Instruct-AWQ,,5.0,7.0,8.0
Qwen_Qwen2.5-7B-Instruct-AWQ,,0.0,0.0,7.0
Qwen_Qwen2.5-7B-Instruct-AWQ,,8.0,9.0,8.0
Qwen_Qwen2.5-7B-Instruct-AWQ,,0.0,0.0,8.0
Qwen_Qwen2.5-7B-Instruct-AWQ,,8.0,9.0,9.0
Qwen_Qwen2.5-7B-Instruct-AWQ,,5.0,7.0,8.0
Qwen_Qwen2.5-7B-Instruct-AWQ,,8.0,7.0,9.0
Qwen_Qwen2.5-7B-Instruct-AWQ,,8.0,9.0,9.0
Qwen_Qwen2.5-7B-Instruct-AWQ,,5.0,5.0,8.0
Qwen_Qwen2.5-7B-Instruct-AWQ,,8.0,9.0,9.0
Qwen_Qwen2.5-7B-Instruct-AWQ,,7.0,8.0,9.0
Qwen_Qwen2.5-7B-Instruct-AWQ,,8.0,7.0,9.0
Qwen_Qwen2.5-7B-Instruct-AWQ,,8.0,9.0,7.0
Qwen_Qwen2.5-7B-Instruct-AWQ,,8.0,9.0,9.0
Qwen_Qwen2.5-7B-Instruct-AWQ,,8.0,9.0,9.0
Qwen_Qwen2.5-7B-Instruct-AWQ,,8.0,9.0,9.0
Qwen_Qwen2.5-7B-Instruct-AWQ,,8.0,9.0,9.0
Qwen_Qwen2.5-7B-Instruct-AWQ,,7.0,8.0,9.0
Qwen_Qwen2.5-7B-Instruct-AWQ,,8.0,7.0,9.0
Qwen_Qwen2.5-7B-Instruct-AWQ,,8.0,9.0,8.0
Qwen_Qwen2.5-7B-Instruct-AWQ,,8.0,7.0,9.0
Qwen_Qwen2.5-7B-Instruct-AWQ,,8.0,7.0,9.0
Qwen_Qwen2.5-7B-Instruct-AWQ,,5.0,5.0,8.0
Qwen_Qwen2.5-7B-Instruct-AWQ,,8.0,7.0,9.0
Qwen_Qwen2.5-7B-Instruct-AWQ,,8.0,9.0,9.0
Qwen_Qwen2.5-7B-Instruct-AWQ,,8.0,9.0,9.0
Qwen_Qwen2.5-7B-Instruct-AWQ,,8.0,7.0,9.0
Qwen_Qwen2.5-7B-Instruct-AWQ,,5.0,7.0,6.0
Qwen_Qwen2.5-7B-Instruct-AWQ,,8.0,7.0,9.0
Qwen_Qwen3-14B-AWQ,,8.0,9.0,8.0
Qwen_Qwen3-14B-AWQ,,7.0,8.0,6.0
Qwen_Qwen3-14B-AWQ,,8.0,9.0,7.0
Qwen_Qwen3-14B-AWQ,,8.0,9.0,7.0
Qwen_Qwen3-14B-AWQ,,10.0,10.0,9.0
Qwen_Qwen3-14B-AWQ,,8.0,9.0,7.0
Qwen_Qwen3-14B-AWQ,,8.0,9.0,7.0
Qwen_Qwen3-14B-AWQ,,8.0,9.0,9.0
Qwen_Qwen3-14B-AWQ,,8.0,7.0,6.0
Qwen_Qwen3-14B-AWQ,,9.0,9.0,8.0
Qwen_Qwen3-14B-AWQ,,8.0,7.0,9.0
Qwen_Qwen3-14B-AWQ,,8.0,9.0,7.0
Qwen_Qwen3-14B-AWQ,,8.0,9.0,8.0
Qwen_Qwen3-14B-AWQ,,8.0,9.0,8.0
Qwen_Qwen3-14B-AWQ,,8.0,9.0,7.0
Qwen_Qwen3-14B-AWQ,,9.0,9.0,8.0
Qwen_Qwen3-14B-AWQ,,8.0,9.0,7.0
Qwen_Qwen3-14B-AWQ,,7.0,8.0,6.0
Qwen_Qwen3-14B-AWQ,,8.0,9.0,8.0
Qwen_Qwen3-14B-AWQ,,9.0,10.0,8.0
Qwen_Qwen3-14B-AWQ,,8.0,9.0,8.0
Qwen_Qwen3-14B-AWQ,,8.0,9.0,7.0
Qwen_Qwen3-14B-AWQ,,8.0,9.0,8.0
Qwen_Qwen3-14B-AWQ,,8.0,9.0,7.0
Qwen_Qwen3-14B-AWQ,,8.0,9.0,7.0
Qwen_Qwen3-14B-AWQ,,7.0,8.0,6.0
Qwen_Qwen3-14B-AWQ,,5.0,5.0,7.0
Qwen_Qwen3-14B-AWQ,,7.0,8.0,6.0
Qwen_Qwen3-14B-AWQ,,7.0,8.0,6.0
Qwen_Qwen3-14B-AWQ,,8.0,9.0,9.0
Qwen_Qwen3-14B-AWQ,,8.0,9.0,7.0
Qwen_Qwen3-14B-AWQ,,9.0,9.0,8.0
Qwen_Qwen3-14B-AWQ,,8.0,9.0,7.0
Qwen_Qwen3-14B-AWQ,,8.0,9.0,7.0
Qwen_Qwen3-14B-AWQ,,8.0,9.0,7.0
Qwen_Qwen3-14B-AWQ,,8.0,9.0,9.0
Qwen_Qwen3-14B-AWQ,,8.0,9.0,7.0
Qwen_Qwen3-14B-AWQ,,8.0,9.0,7.0
Qwen_Qwen3-14B-AWQ,,8.0,9.0,7.0
Qwen_Qwen3-14B-AWQ,,8.0,9.0,7.0
Qwen_Qwen3-14B-AWQ,,8.0,9.0,7.0
Qwen_Qwen3-14B-AWQ,,8.0,9.0,7.0
Qwen_Qwen3-14B-AWQ,,8.0,9.0,8.0
Qwen_Qwen3-14B-AWQ,,7.0,6.0,5.0
Qwen_Qwen3-14B-AWQ,,6.0,7.0,8.0
Qwen_Qwen3-14B-AWQ,,8.0,9.0,7.0
Qwen_Qwen3-14B-AWQ,,8.0,7.0,6.0
Qwen_Qwen3-14B-AWQ,,8.0,9.0,7.0
Qwen_Qwen3-14B-AWQ,,8.0,9.0,9.0
Qwen_Qwen3-14B-AWQ,,8.0,9.0,7.0
Qwen_Qwen3-14B-AWQ,,8.0,9.0,7.0
Qwen_Qwen3-14B-AWQ,,9.0,9.0,7.0
Qwen_Qwen3-14B-AWQ,,8.0,9.0,7.0
Qwen_Qwen3-14B-AWQ,,9.0,10.0,8.0
Qwen_Qwen3-14B-AWQ,,8.0,9.0,7.0
Qwen_Qwen3-14B-AWQ,,5.0,6.0,4.0
Qwen_Qwen3-14B-AWQ,,8.0,9.0,9.0
Qwen_Qwen3-14B-AWQ,,5.0,6.0,7.0
Qwen_Qwen3-14B-AWQ,,8.0,9.0,7.0
Qwen_Qwen3-14B-AWQ,,7.0,8.0,6.0
Qwen_Qwen3-14B-AWQ,,5.0,7.0,8.0
Qwen_Qwen3-14B-AWQ,,7.0,8.0,6.0
Qwen_Qwen3-14B-AWQ,,5.0,7.0,6.0
Qwen_Qwen3-14B-AWQ,,7.0,8.0,6.0
Qwen_Qwen3-14B-AWQ,,8.0,9.0,7.0
Qwen_Qwen3-14B-AWQ,,8.0,9.0,7.0
Qwen_Qwen3-14B-AWQ,,8.0,9.0,9.0
Qwen_Qwen3-14B-AWQ,,7.0,8.0,6.0
Qwen_Qwen3-14B-AWQ,,5.0,7.0,6.0
Qwen_Qwen3-14B-AWQ,,8.0,9.0,9.0
Qwen_Qwen3-14B-AWQ,,8.0,9.0,7.0
Qwen_Qwen3-14B-AWQ,,5.0,6.0,7.0
Qwen_Qwen3-14B-AWQ,,5.0,5.0,5.0
Qwen_Qwen3-14B-AWQ,,8.0,9.0,7.0
Qwen_Qwen3-14B-AWQ,,8.0,9.0,8.0
Qwen_Qwen3-14B-AWQ,,5.0,6.0,7.0
Qwen_Qwen3-14B-AWQ,,8.0,9.0,7.0
Qwen_Qwen3-14B-AWQ,,8.0,9.0,7.0
Qwen_Qwen3-14B-AWQ,,7.0,8.0,6.0
Qwen_Qwen3-32B-AWQ,,8.0,9.0,7.0
Qwen_Qwen3-32B-AWQ,,8.0,9.0,9.0
Qwen_Qwen3-32B-AWQ,,8.0,9.0,7.0
Qwen_Qwen3-32B-AWQ,,0.0,0.0,0.0
Qwen_Qwen3-32B-AWQ,,8.0,9.0,9.0
Qwen_Qwen3-32B-AWQ,,8.0,9.0,7.0
Qwen_Qwen3-32B-AWQ,,8.0,9.0,7.0
Qwen_Qwen3-32B-AWQ,,7.0,8.0,9.0
Qwen_Qwen3-32B-AWQ,,7.0,8.0,6.0
Qwen_Qwen3-32B-AWQ,,0.0,0.0,0.0
Qwen_Qwen3-32B-AWQ,,8.0,9.0,8.0
Qwen_Qwen3-32B-AWQ,,8.0,9.0,8.0
Qwen_Qwen3-32B-AWQ,,8.0,9.0,7.0
Qwen_Qwen3-32B-AWQ,,8.0,9.0,7.0
Qwen_Qwen3-32B-AWQ,,8.0,7.0,6.0
Qwen_Qwen3-32B-AWQ,,9.0,9.0,8.0
Qwen_Qwen3-32B-AWQ,,8.0,9.0,8.0
Qwen_Qwen3-32B-AWQ,,8.0,9.0,7.0
Qwen_Qwen3-32B-AWQ,,8.0,9.0,7.0
Qwen_Qwen3-32B-AWQ,,8.0,9.0,9.0
Qwen_Qwen3-32B-AWQ,,8.0,9.0,9.0
Qwen_Qwen3-32B-AWQ,,8.0,7.0,5.0
Qwen_Qwen3-32B-AWQ,,5.0,7.0,6.0
Qwen_Qwen3-32B-AWQ,,8.0,9.0,7.0
Qwen_Qwen3-32B-AWQ,,8.0,9.0,7.0
Qwen_Qwen3-32B-AWQ,,8.0,9.0,7.0
Qwen_Qwen3-32B-AWQ,,5.0,5.0,7.0
Qwen_Qwen3-32B-AWQ,,7.0,8.0,6.0
Qwen_Qwen3-32B-AWQ,,8.0,7.0,8.0
Qwen_Qwen3-32B-AWQ,,8.0,9.0,7.0
Qwen_Qwen3-32B-AWQ,,8.0,9.0,7.0
Qwen_Qwen3-32B-AWQ,,9.0,9.0,8.0
Qwen_Qwen3-32B-AWQ,,7.0,8.0,6.0
Qwen_Qwen3-32B-AWQ,,8.0,9.0,9.0
Qwen_Qwen3-32B-AWQ,,5.0,7.0,8.0
Qwen_Qwen3-32B-AWQ,,8.0,7.0,6.0
Qwen_Qwen3-32B-AWQ,,8.0,9.0,8.0
Qwen_Qwen3-32B-AWQ,,8.0,7.0,6.0
Qwen_Qwen3-32B-AWQ,,8.0,9.0,9.0
Qwen_Qwen3-32B-AWQ,,8.0,9.0,7.0
Qwen_Qwen3-32B-AWQ,,5.0,5.0,6.0
Qwen_Qwen3-32B-AWQ,,8.0,9.0,7.0
Qwen_Qwen3-32B-AWQ,,7.0,8.0,6.0
Qwen_Qwen3-32B-AWQ,,7.0,8.0,6.0
Qwen_Qwen3-32B-AWQ,,7.0,8.0,9.0
Qwen_Qwen3-32B-AWQ,,8.0,9.0,7.0
Qwen_Qwen3-32B-AWQ,,8.0,7.0,6.0
Qwen_Qwen3-32B-AWQ,,8.0,9.0,9.0
Qwen_Qwen3-32B-AWQ,,8.0,9.0,9.0
Qwen_Qwen3-32B-AWQ,,8.0,7.0,5.0
Qwen_Qwen3-32B-AWQ,,5.0,5.0,7.0
Qwen_Qwen3-32B-AWQ,,8.0,9.0,7.0
Qwen_Qwen3-32B-AWQ,,8.0,9.0,7.0
Qwen_Qwen3-32B-AWQ,,5.0,6.0,7.0
Qwen_Qwen3-32B-AWQ,,8.0,9.0,7.0
Qwen_Qwen3-32B-AWQ,,5.0,7.0,6.0
Qwen_Qwen3-32B-AWQ,,8.0,7.0,6.0
Qwen_Qwen3-32B-AWQ,,5.0,6.0,7.0
Qwen_Qwen3-32B-AWQ,,8.0,7.0,6.0
Qwen_Qwen3-32B-AWQ,,7.0,8.0,6.0
Qwen_Qwen3-32B-AWQ,,8.0,9.0,7.0
Qwen_Qwen3-32B-AWQ,,7.0,8.0,6.0
Qwen_Qwen3-32B-AWQ,,5.0,7.0,6.0
Qwen_Qwen3-32B-AWQ,,7.0,8.0,6.0
Qwen_Qwen3-32B-AWQ,,8.0,9.0,7.0
Qwen_Qwen3-32B-AWQ,,8.0,9.0,7.0
Qwen_Qwen3-32B-AWQ,,8.0,9.0,9.0
Qwen_Qwen3-32B-AWQ,,8.0,7.0,6.0
Qwen_Qwen3-32B-AWQ,,5.0,5.0,7.0
Qwen_Qwen3-32B-AWQ,,8.0,9.0,8.0
Qwen_Qwen3-32B-AWQ,,8.0,9.0,7.0
Qwen_Qwen3-32B-AWQ,,7.0,8.0,6.0
Qwen_Qwen3-32B-AWQ,,8.0,7.0,6.0
Qwen_Qwen3-32B-AWQ,,8.0,9.0,9.0
Qwen_Qwen3-32B-AWQ,,0.0,0.0,2.0
Qwen_Qwen3-32B-AWQ,,5.0,7.0,6.0
Qwen_Qwen3-32B-AWQ,,8.0,9.0,7.0
Qwen_Qwen3-32B-AWQ,,5.0,5.0,8.0
Qwen_Qwen3-32B-AWQ,,8.0,7.0,6.0
Qwen_Qwen3-8B,,7.0,8.0,9.0
Qwen_Qwen3-8B,,0.0,0.0,0.0
Qwen_Qwen3-8B,,8.0,9.0,9.0
Qwen_Qwen3-8B,,0.0,0.0,0.0
Qwen_Qwen3-8B,,0.0,0.0,0.0
Qwen_Qwen3-8B,,8.0,9.0,8.0
Qwen_Qwen3-8B,,8.0,9.0,9.0
Qwen_Qwen3-8B,,5.0,5.0,3.0
Qwen_Qwen3-8B,,8.0,9.0,8.0
Qwen_Qwen3-8B,,0.0,0.0,0.0
Qwen_Qwen3-8B,,8.0,9.0,8.0
Qwen_Qwen3-8B,,8.0,7.0,9.0
Qwen_Qwen3-8B,,8.0,9.0,9.0
Qwen_Qwen3-8B,,8.0,9.0,9.0
Qwen_Qwen3-8B,,8.0,9.0,8.0
Qwen_Qwen3-8B,,0.0,0.0,0.0
Qwen_Qwen3-8B,,8.0,9.0,8.0
Qwen_Qwen3-8B,,8.0,9.0,8.0
Qwen_Qwen3-8B,,8.0,9.0,8.0
Qwen_Qwen3-8B,,8.0,9.0,9.0
Qwen_Qwen3-8B,,8.0,9.0,9.0
Qwen_Qwen3-8B,,0.0,0.0,7.0
Qwen_Qwen3-8B,,8.0,9.0,7.0
Qwen_Qwen3-8B,,8.0,9.0,8.0
Qwen_Qwen3-8B,,8.0,9.0,9.0
Qwen_Qwen3-8B,,8.0,9.0,8.0
Qwen_Qwen3-8B,,8.0,9.0,8.0
Qwen_Qwen3-8B,,8.0,9.0,9.0
Qwen_Qwen3-8B,,5.0,7.0,8.0
Qwen_Qwen3-8B,,8.0,7.0,9.0
Qwen_Qwen3-8B,,5.0,6.0,7.0
Qwen_Qwen3-8B,,0.0,0.0,0.0
Qwen_Qwen3-8B,,7.0,8.0,9.0
Qwen_Qwen3-8B,,9.0,9.0,8.0
Qwen_Qwen3-8B,,0.0,0.0,0.0
Qwen_Qwen3-8B,,8.0,9.0,9.0
Qwen_Qwen3-8B,,9.0,10.0,9.0
Qwen_Qwen3-8B,,8.0,9.0,9.0
Qwen_Qwen3-8B,,8.0,9.0,8.0
Qwen_Qwen3-8B,,8.0,9.0,7.0
Qwen_Qwen3-8B,,5.0,7.0,8.0
Qwen_Qwen3-8B,,8.0,9.0,9.0
Qwen_Qwen3-8B,,7.0,8.0,9.0
Qwen_Qwen3-8B,,8.0,9.0,7.0
Qwen_Qwen3-8B,,8.0,9.0,9.0
Qwen_Qwen3-8B,,8.0,7.0,9.0
Qwen_Qwen3-8B,,5.0,7.0,8.0
Qwen_Qwen3-8B,,8.0,9.0,9.0
Qwen_Qwen3-8B,,8.0,9.0,9.0
Qwen_Qwen3-8B,,8.0,7.0,9.0
Qwen_Qwen3-8B,,8.0,9.0,9.0
Qwen_Qwen3-8B,,8.0,9.0,8.0
Qwen_Qwen3-8B,,7.0,8.0,9.0
Qwen_Qwen3-8B,,8.0,9.0,7.0
Qwen_Qwen3-8B,,8.0,9.0,9.0
Qwen_Qwen3-8B,,8.0,7.0,9.0
Qwen_Qwen3-8B,,8.0,7.0,9.0
Qwen_Qwen3-8B,,8.0,7.0,9.0
Qwen_Qwen3-8B,,0.0,0.0,0.0
Qwen_Qwen3-8B,,8.0,9.0,9.0
Qwen_Qwen3-8B,,7.0,8.0,9.0
Qwen_Qwen3-8B,,8.0,7.0,9.0
Qwen_Qwen3-8B,,8.0,9.0,9.0
Qwen_Qwen3-8B,,5.0,7.0,8.0
Qwen_Qwen3-8B,,8.0,9.0,9.0
Qwen_Qwen3-8B,,8.0,9.0,9.0
Qwen_Qwen3-8B,,7.0,8.0,9.0
Qwen_Qwen3-8B,,0.0,0.0,7.0
Qwen_Qwen3-8B,,5.0,7.0,8.0
Qwen_Qwen3-8B,,8.0,9.0,9.0
Qwen_Qwen3-8B,,6.0,8.0,9.0
Qwen_Qwen3-8B,,5.0,7.0,8.0
Qwen_Qwen3-8B,,5.0,5.0,8.0
Qwen_Qwen3-8B,,8.0,7.0,9.0
Qwen_Qwen3-8B,,0.0,0.0,0.0
Qwen_Qwen3-8B,,5.0,7.0,8.0
Qwen_Qwen3-8B,,8.0,9.0,9.0
Qwen_Qwen3-8B,,0.0,0.0,0.0
Qwen_Qwen3-8B,,8.0,7.0,9.0
RedHatAI_gemma-3-12b-it-quantized.w4a16,,0.0,0.0,8.0
RedHatAI_gemma-3-12b-it-quantized.w4a16,,5.0,7.0,8.0
RedHatAI_gemma-3-12b-it-quantized.w4a16,,8.0,9.0,9.0
RedHatAI_gemma-3-12b-it-quantized.w4a16,,5.0,5.0,8.0
RedHatAI_gemma-3-12b-it-quantized.w4a16,,0.0,0.0,8.0
RedHatAI_gemma-3-12b-it-quantized.w4a16,,5.0,7.0,8.0
RedHatAI_gemma-3-12b-it-quantized.w4a16,,5.0,8.0,9.0
RedHatAI_gemma-3-12b-it-quantized.w4a16,,8.0,9.0,9.0
RedHatAI_gemma-3-12b-it-quantized.w4a16,,5.0,5.0,8.0
RedHatAI_gemma-3-12b-it-quantized.w4a16,,0.0,0.0,8.0
RedHatAI_gemma-3-12b-it-quantized.w4a16,,8.0,7.0,9.0
RedHatAI_gemma-3-12b-it-quantized.w4a16,,0.0,5.0,8.0
RedHatAI_gemma-3-12b-it-quantized.w4a16,,5.0,7.0,8.0
RedHatAI_gemma-3-12b-it-quantized.w4a16,,5.0,7.0,8.0
RedHatAI_gemma-3-12b-it-quantized.w4a16,,8.0,9.0,9.0
RedHatAI_gemma-3-12b-it-quantized.w4a16,,8.0,9.0,9.0
RedHatAI_gemma-3-12b-it-quantized.w4a16,,5.0,8.0,9.0
RedHatAI_gemma-3-12b-it-quantized.w4a16,,5.0,5.0,8.0
RedHatAI_gemma-3-12b-it-quantized.w4a16,,0.0,0.0,8.0
RedHatAI_gemma-3-12b-it-quantized.w4a16,,5.0,7.0,8.0
RedHatAI_gemma-3-12b-it-quantized.w4a16,,5.0,7.0,8.0
RedHatAI_gemma-3-12b-it-quantized.w4a16,,0.0,0.0,8.0
RedHatAI_gemma-3-12b-it-quantized.w4a16,,0.0,0.0,8.0
RedHatAI_gemma-3-12b-it-quantized.w4a16,,8.0,9.0,9.0
RedHatAI_gemma-3-12b-it-quantized.w4a16,,5.0,7.0,8.0
RedHatAI_gemma-3-12b-it-quantized.w4a16,,8.0,9.0,9.0
RedHatAI_gemma-3-12b-it-quantized.w4a16,,5.0,7.0,8.0
RedHatAI_gemma-3-12b-it-quantized.w4a16,,5.0,7.0,8.0
RedHatAI_gemma-3-12b-it-quantized.w4a16,,5.0,5.0,8.0
RedHatAI_gemma-3-12b-it-quantized.w4a16,,5.0,8.0,9.0
RedHatAI_gemma-3-12b-it-quantized.w4a16,,8.0,9.0,9.0
RedHatAI_gemma-3-12b-it-quantized.w4a16,,0.0,0.0,8.0
RedHatAI_gemma-3-12b-it-quantized.w4a16,,5.0,7.0,8.0
RedHatAI_gemma-3-12b-it-quantized.w4a16,,8.0,9.0,9.0
RedHatAI_gemma-3-12b-it-quantized.w4a16,,8.0,9.0,9.0
RedHatAI_gemma-3-12b-it-quantized.w4a16,,8.0,7.0,9.0
RedHatAI_gemma-3-12b-it-quantized.w4a16,,5.0,7.0,8.0
RedHatAI_gemma-3-12b-it-quantized.w4a16,,8.0,9.0,9.0
RedHatAI_gemma-3-12b-it-quantized.w4a16,,8.0,9.0,9.0
RedHatAI_gemma-3-12b-it-quantized.w4a16,,5.0,7.0,8.0
RedHatAI_gemma-3-12b-it-quantized.w4a16,,5.0,7.0,8.0
RedHatAI_gemma-3-12b-it-quantized.w4a16,,0.0,0.0,8.0
RedHatAI_gemma-3-12b-it-quantized.w4a16,,8.0,9.0,9.0
RedHatAI_gemma-3-12b-it-quantized.w4a16,,7.0,8.0,9.0
RedHatAI_gemma-3-12b-it-quantized.w4a16,,8.0,9.0,9.0
RedHatAI_gemma-3-12b-it-quantized.w4a16,,8.0,9.0,9.0
RedHatAI_gemma-3-12b-it-quantized.w4a16,,8.0,9.0,9.0
RedHatAI_gemma-3-12b-it-quantized.w4a16,,7.0,8.0,9.0
RedHatAI_gemma-3-12b-it-quantized.w4a16,,8.0,9.0,9.0
RedHatAI_gemma-3-12b-it-quantized.w4a16,,5.0,5.0,8.0
RedHatAI_gemma-3-12b-it-quantized.w4a16,,0.0,0.0,8.0
RedHatAI_gemma-3-12b-it-quantized.w4a16,,8.0,9.0,9.0
RedHatAI_gemma-3-12b-it-quantized.w4a16,,5.0,8.0,9.0
RedHatAI_gemma-3-12b-it-quantized.w4a16,,0.0,0.0,8.0
RedHatAI_gemma-3-12b-it-quantized.w4a16,,5.0,8.0,9.0
RedHatAI_gemma-3-12b-it-quantized.w4a16,,8.0,7.0,9.0
RedHatAI_gemma-3-12b-it-quantized.w4a16,,5.0,7.0,8.0
RedHatAI_gemma-3-12b-it-quantized.w4a16,,8.0,7.0,9.0
RedHatAI_gemma-3-12b-it-quantized.w4a16,,5.0,5.0,8.0
RedHatAI_gemma-3-12b-it-quantized.w4a16,,8.0,7.0,9.0
RedHatAI_gemma-3-12b-it-quantized.w4a16,,7.0,8.0,9.0
RedHatAI_gemma-3-12b-it-quantized.w4a16,,8.0,8.0,9.0
RedHatAI_gemma-3-12b-it-quantized.w4a16,,8.0,9.0,9.0
RedHatAI_gemma-3-12b-it-quantized.w4a16,,5.0,7.0,8.0
RedHatAI_gemma-3-12b-it-quantized.w4a16,,5.0,7.0,8.0
RedHatAI_gemma-3-12b-it-quantized.w4a16,,8.0,9.0,9.0
RedHatAI_gemma-3-12b-it-quantized.w4a16,,8.0,7.0,9.0
RedHatAI_gemma-3-12b-it-quantized.w4a16,,0.0,0.0,8.0
RedHatAI_gemma-3-12b-it-quantized.w4a16,,5.0,5.0,8.0
RedHatAI_gemma-3-12b-it-quantized.w4a16,,8.0,9.0,9.0
RedHatAI_gemma-3-12b-it-quantized.w4a16,,5.0,7.0,8.0
RedHatAI_gemma-3-12b-it-quantized.w4a16,,5.0,7.0,8.0
RedHatAI_gemma-3-12b-it-quantized.w4a16,,0.0,0.0,8.0
RedHatAI_gemma-3-12b-it-quantized.w4a16,,5.0,7.0,8.0
RedHatAI_gemma-3-12b-it-quantized.w4a16,,8.0,7.0,9.0
RedHatAI_gemma-3-12b-it-quantized.w4a16,,8.0,9.0,9.0
RedHatAI_gemma-3-12b-it-quantized.w4a16,,8.0,7.0,9.0
RedHatAI_gemma-3-12b-it-quantized.w4a16,,8.0,7.0,9.0
RedHatAI_gemma-3-12b-it-quantized.w4a16,,8.0,9.0,9.0
RedHatAI_gemma-3-27b-it-quantized.w4a16,,8.0,9.0,9.0
RedHatAI_gemma-3-27b-it-quantized.w4a16,,8.0,9.0,9.0
RedHatAI_gemma-3-27b-it-quantized.w4a16,,8.0,9.0,9.0
RedHatAI_gemma-3-27b-it-quantized.w4a16,,5.0,5.0,8.0
RedHatAI_gemma-3-27b-it-quantized.w4a16,,0.0,0.0,8.0
RedHatAI_gemma-3-27b-it-quantized.w4a16,,5.0,5.0,8.0
RedHatAI_gemma-3-27b-it-quantized.w4a16,,8.0,9.0,9.0
RedHatAI_gemma-3-27b-it-quantized.w4a16,,5.0,7.0,8.0
RedHatAI_gemma-3-27b-it-quantized.w4a16,,5.0,5.0,8.0
RedHatAI_gemma-3-27b-it-quantized.w4a16,,0.0,0.0,8.0
RedHatAI_gemma-3-27b-it-quantized.w4a16,,8.0,9.0,9.0
RedHatAI_gemma-3-27b-it-quantized.w4a16,,5.0,7.0,8.0
RedHatAI_gemma-3-27b-it-quantized.w4a16,,5.0,7.0,8.0
RedHatAI_gemma-3-27b-it-quantized.w4a16,,5.0,5.0,8.0
RedHatAI_gemma-3-27b-it-quantized.w4a16,,8.0,9.0,9.0
RedHatAI_gemma-3-27b-it-quantized.w4a16,,5.0,5.0,9.0
RedHatAI_gemma-3-27b-it-quantized.w4a16,,8.0,9.0,9.0
RedHatAI_gemma-3-27b-it-quantized.w4a16,,5.0,5.0,8.0
RedHatAI_gemma-3-27b-it-quantized.w4a16,,0.0,0.0,8.0
RedHatAI_gemma-3-27b-it-quantized.w4a16,,5.0,5.0,8.0
RedHatAI_gemma-3-27b-it-quantized.w4a16,,5.0,7.0,8.0
RedHatAI_gemma-3-27b-it-quantized.w4a16,,5.0,7.0,8.0
RedHatAI_gemma-3-27b-it-quantized.w4a16,,5.0,7.0,8.0
RedHatAI_gemma-3-27b-it-quantized.w4a16,,8.0,9.0,9.0
RedHatAI_gemma-3-27b-it-quantized.w4a16,,5.0,8.0,9.0
RedHatAI_gemma-3-27b-it-quantized.w4a16,,8.0,9.0,9.0
RedHatAI_gemma-3-27b-it-quantized.w4a16,,5.0,5.0,8.0
RedHatAI_gemma-3-27b-it-quantized.w4a16,,8.0,9.0,9.0
RedHatAI_gemma-3-27b-it-quantized.w4a16,,5.0,5.0,8.0
RedHatAI_gemma-3-27b-it-quantized.w4a16,,5.0,5.0,8.0
RedHatAI_gemma-3-27b-it-quantized.w4a16,,5.0,5.0,8.0
RedHatAI_gemma-3-27b-it-quantized.w4a16,,0.0,0.0,8.0
RedHatAI_gemma-3-27b-it-quantized.w4a16,,8.0,9.0,9.0
RedHatAI_gemma-3-27b-it-quantized.w4a16,,8.0,9.0,9.0
RedHatAI_gemma-3-27b-it-quantized.w4a16,,8.0,9.0,9.0
RedHatAI_gemma-3-27b-it-quantized.w4a16,,8.0,9.0,9.0
RedHatAI_gemma-3-27b-it-quantized.w4a16,,8.0,7.0,9.0
RedHatAI_gemma-3-27b-it-quantized.w4a16,,8.0,9.0,9.0
RedHatAI_gemma-3-27b-it-quantized.w4a16,,5.0,8.0,9.0
RedHatAI_gemma-3-27b-it-quantized.w4a16,,8.0,9.0,9.0
RedHatAI_gemma-3-27b-it-quantized.w4a16,,5.0,7.0,8.0
RedHatAI_gemma-3-27b-it-quantized.w4a16,,5.0,5.0,8.0
RedHatAI_gemma-3-27b-it-quantized.w4a16,,8.0,9.0,9.0
RedHatAI_gemma-3-27b-it-quantized.w4a16,,8.0,9.0,8.0
RedHatAI_gemma-3-27b-it-quantized.w4a16,,8.0,9.0,9.0
RedHatAI_gemma-3-27b-it-quantized.w4a16,,8.0,9.0,9.0
RedHatAI_gemma-3-27b-it-quantized.w4a16,,5.0,7.0,8.0
RedHatAI_gemma-3-27b-it-quantized.w4a16,,5.0,7.0,8.0
RedHatAI_gemma-3-27b-it-quantized.w4a16,,8.0,9.0,9.0
RedHatAI_gemma-3-27b-it-quantized.w4a16,,5.0,7.0,8.0
RedHatAI_gemma-3-27b-it-quantized.w4a16,,0.0,0.0,8.0
RedHatAI_gemma-3-27b-it-quantized.w4a16,,8.0,9.0,9.0
RedHatAI_gemma-3-27b-it-quantized.w4a16,,8.0,9.0,9.0
RedHatAI_gemma-3-27b-it-quantized.w4a16,,0.0,0.0,8.0
RedHatAI_gemma-3-27b-it-quantized.w4a16,,5.0,8.0,9.0
RedHatAI_gemma-3-27b-it-quantized.w4a16,,8.0,9.0,9.0
RedHatAI_gemma-3-27b-it-quantized.w4a16,,5.0,5.0,8.0
RedHatAI_gemma-3-27b-it-quantized.w4a16,,8.0,7.0,9.0
RedHatAI_gemma-3-27b-it-quantized.w4a16,,5.0,5.0,8.0
RedHatAI_gemma-3-27b-it-quantized.w4a16,,8.0,9.0,9.0
RedHatAI_gemma-3-27b-it-quantized.w4a16,,8.0,9.0,9.0
RedHatAI_gemma-3-27b-it-quantized.w4a16,,8.0,7.0,9.0
RedHatAI_gemma-3-27b-it-quantized.w4a16,,8.0,9.0,9.0
RedHatAI_gemma-3-27b-it-quantized.w4a16,,8.0,9.0,9.0
RedHatAI_gemma-3-27b-it-quantized.w4a16,,5.0,5.0,8.0
RedHatAI_gemma-3-27b-it-quantized.w4a16,,8.0,9.0,9.0
RedHatAI_gemma-3-27b-it-quantized.w4a16,,8.0,7.0,9.0
RedHatAI_gemma-3-27b-it-quantized.w4a16,,8.0,7.0,9.0
RedHatAI_gemma-3-27b-it-quantized.w4a16,,5.0,5.0,8.0
RedHatAI_gemma-3-27b-it-quantized.w4a16,,8.0,9.0,9.0
RedHatAI_gemma-3-27b-it-quantized.w4a16,,8.0,9.0,9.0
RedHatAI_gemma-3-27b-it-quantized.w4a16,,8.0,7.0,9.0
RedHatAI_gemma-3-27b-it-quantized.w4a16,,0.0,0.0,8.0
RedHatAI_gemma-3-27b-it-quantized.w4a16,,5.0,7.0,8.0
RedHatAI_gemma-3-27b-it-quantized.w4a16,,5.0,7.0,8.0
RedHatAI_gemma-3-27b-it-quantized.w4a16,,8.0,7.0,9.0
RedHatAI_gemma-3-27b-it-quantized.w4a16,,8.0,9.0,9.0
RedHatAI_gemma-3-27b-it-quantized.w4a16,,8.0,7.0,9.0
RedHatAI_gemma-3-27b-it-quantized.w4a16,,8.0,7.0,9.0
casperhansen_mistral-nemo-instruct-2407-awq,,5.0,7.0,8.0
casperhansen_mistral-nemo-instruct-2407-awq,,8.0,9.0,9.0
casperhansen_mistral-nemo-instruct-2407-awq,,8.0,9.0,8.0
casperhansen_mistral-nemo-instruct-2407-awq,,5.0,5.0,8.0
casperhansen_mistral-nemo-instruct-2407-awq,,0.0,0.0,8.0
casperhansen_mistral-nemo-instruct-2407-awq,,8.0,9.0,8.0
casperhansen_mistral-nemo-instruct-2407-awq,,5.0,7.0,8.0
casperhansen_mistral-nemo-instruct-2407-awq,,8.0,9.0,9.0
casperhansen_mistral-nemo-instruct-2407-awq,,0.0,0.0,8.0
casperhansen_mistral-nemo-instruct-2407-awq,,5.0,7.0,8.0
casperhansen_mistral-nemo-instruct-2407-awq,,8.0,9.0,9.0
casperhansen_mistral-nemo-instruct-2407-awq,,5.0,7.0,8.0
casperhansen_mistral-nemo-instruct-2407-awq,,5.0,7.0,8.0
casperhansen_mistral-nemo-instruct-2407-awq,,8.0,9.0,9.0
casperhansen_mistral-nemo-instruct-2407-awq,,5.0,7.0,8.0
casperhansen_mistral-nemo-instruct-2407-awq,,8.0,9.0,9.0
casperhansen_mistral-nemo-instruct-2407-awq,,8.0,9.0,9.0
casperhansen_mistral-nemo-instruct-2407-awq,,5.0,7.0,8.0
casperhansen_mistral-nemo-instruct-2407-awq,,5.0,7.0,8.0
casperhansen_mistral-nemo-instruct-2407-awq,,5.0,5.0,8.0
casperhansen_mistral-nemo-instruct-2407-awq,,5.0,7.0,8.0
casperhansen_mistral-nemo-instruct-2407-awq,,5.0,7.0,8.0
casperhansen_mistral-nemo-instruct-2407-awq,,5.0,7.0,8.0
casperhansen_mistral-nemo-instruct-2407-awq,,8.0,9.0,9.0
casperhansen_mistral-nemo-instruct-2407-awq,,8.0,7.0,9.0
casperhansen_mistral-nemo-instruct-2407-awq,,8.0,7.0,9.0
casperhansen_mistral-nemo-instruct-2407-awq,,5.0,5.0,8.0
casperhansen_mistral-nemo-instruct-2407-awq,,5.0,6.0,7.0
casperhansen_mistral-nemo-instruct-2407-awq,,5.0,7.0,8.0
casperhansen_mistral-nemo-instruct-2407-awq,,0.0,0.0,8.0
casperhansen_mistral-nemo-instruct-2407-awq,,8.0,7.0,9.0
casperhansen_mistral-nemo-instruct-2407-awq,,0.0,0.0,5.0
casperhansen_mistral-nemo-instruct-2407-awq,,5.0,7.0,8.0
casperhansen_mistral-nemo-instruct-2407-awq,,7.0,8.0,9.0
casperhansen_mistral-nemo-instruct-2407-awq,,8.0,9.0,9.0
casperhansen_mistral-nemo-instruct-2407-awq,,8.0,9.0,9.0
casperhansen_mistral-nemo-instruct-2407-awq,,5.0,7.0,8.0
casperhansen_mistral-nemo-instruct-2407-awq,,5.0,7.0,8.0
casperhansen_mistral-nemo-instruct-2407-awq,,8.0,9.0,9.0
casperhansen_mistral-nemo-instruct-2407-awq,,8.0,9.0,9.0
casperhansen_mistral-nemo-instruct-2407-awq,,5.0,7.0,8.0
casperhansen_mistral-nemo-instruct-2407-awq,,5.0,7.0,8.0
casperhansen_mistral-nemo-instruct-2407-awq,,7.0,8.0,9.0
casperhansen_mistral-nemo-instruct-2407-awq,,7.0,8.0,9.0
casperhansen_mistral-nemo-instruct-2407-awq,,0.0,0.0,8.0
casperhansen_mistral-nemo-instruct-2407-awq,,8.0,7.0,9.0
casperhansen_mistral-nemo-instruct-2407-awq,,5.0,7.0,8.0
casperhansen_mistral-nemo-instruct-2407-awq,,8.0,7.0,9.0
casperhansen_mistral-nemo-instruct-2407-awq,,8.0,9.0,9.0
casperhansen_mistral-nemo-instruct-2407-awq,,8.0,9.0,9.0
casperhansen_mistral-nemo-instruct-2407-awq,,0.0,0.0,8.0
casperhansen_mistral-nemo-instruct-2407-awq,,5.0,7.0,8.0
casperhansen_mistral-nemo-instruct-2407-awq,,8.0,9.0,8.0
casperhansen_mistral-nemo-instruct-2407-awq,,0.0,0.0,8.0
casperhansen_mistral-nemo-instruct-2407-awq,,8.0,9.0,9.0
casperhansen_mistral-nemo-instruct-2407-awq,,7.0,8.0,9.0
casperhansen_mistral-nemo-instruct-2407-awq,,8.0,7.0,9.0
casperhansen_mistral-nemo-instruct-2407-awq,,5.0,7.0,8.0
casperhansen_mistral-nemo-instruct-2407-awq,,0.0,0.0,5.0
casperhansen_mistral-nemo-instruct-2407-awq,,8.0,7.0,9.0
casperhansen_mistral-nemo-instruct-2407-awq,,8.0,9.0,9.0
casperhansen_mistral-nemo-instruct-2407-awq,,8.0,7.0,9.0
casperhansen_mistral-nemo-instruct-2407-awq,,8.0,9.0,9.0
casperhansen_mistral-nemo-instruct-2407-awq,,5.0,6.0,8.0
casperhansen_mistral-nemo-instruct-2407-awq,,5.0,7.0,8.0
casperhansen_mistral-nemo-instruct-2407-awq,,8.0,7.0,9.0
casperhansen_mistral-nemo-instruct-2407-awq,,0.0,5.0,8.0
casperhansen_mistral-nemo-instruct-2407-awq,,5.0,7.0,8.0
casperhansen_mistral-nemo-instruct-2407-awq,,8.0,7.0,9.0
casperhansen_mistral-nemo-instruct-2407-awq,,8.0,9.0,9.0
casperhansen_mistral-nemo-instruct-2407-awq,,6.0,7.0,8.0
casperhansen_mistral-nemo-instruct-2407-awq,,8.0,7.0,9.0
casperhansen_mistral-nemo-instruct-2407-awq,,0.0,0.0,7.0
casperhansen_mistral-nemo-instruct-2407-awq,,5.0,7.0,8.0
casperhansen_mistral-nemo-instruct-2407-awq,,8.0,9.0,9.0
casperhansen_mistral-nemo-instruct-2407-awq,,8.0,7.0,9.0
casperhansen_mistral-nemo-instruct-2407-awq,,5.0,7.0,8.0
casperhansen_mistral-nemo-instruct-2407-awq,,8.0,7.0,9.0
casperhansen_mistral-nemo-instruct-2407-awq,,8.0,9.0,8.0
cyankiwi_gemma-4-26B-A4B-it-AWQ-4bit,,5.0,6.0,7.0
cyankiwi_gemma-4-26B-A4B-it-AWQ-4bit,,8.0,9.0,7.0
cyankiwi_gemma-4-26B-A4B-it-AWQ-4bit,,0.0,0.0,0.0
cyankiwi_gemma-4-26B-A4B-it-AWQ-4bit,,7.0,6.0,8.0
cyankiwi_gemma-4-26B-A4B-it-AWQ-4bit,,0.0,0.0,5.0
cyankiwi_gemma-4-26B-A4B-it-AWQ-4bit,,8.0,8.0,7.0
cyankiwi_gemma-4-26B-A4B-it-AWQ-4bit,,8.0,9.0,9.0
cyankiwi_gemma-4-26B-A4B-it-AWQ-4bit,,5.0,7.0,6.0
cyankiwi_gemma-4-26B-A4B-it-AWQ-4bit,,5.0,5.0,6.0
cyankiwi_gemma-4-26B-A4B-it-AWQ-4bit,,8.0,9.0,9.0
cyankiwi_gemma-4-26B-A4B-it-AWQ-4bit,,8.0,9.0,7.0
cyankiwi_gemma-4-26B-A4B-it-AWQ-4bit,,0.0,0.0,0.0
cyankiwi_gemma-4-26B-A4B-it-AWQ-4bit,,8.0,9.0,9.0
cyankiwi_gemma-4-26B-A4B-it-AWQ-4bit,,7.0,8.0,6.0
cyankiwi_gemma-4-26B-A4B-it-AWQ-4bit,,8.0,9.0,9.0
cyankiwi_gemma-4-26B-A4B-it-AWQ-4bit,,8.0,9.0,9.0
cyankiwi_gemma-4-26B-A4B-it-AWQ-4bit,,8.0,9.0,8.0
cyankiwi_gemma-4-26B-A4B-it-AWQ-4bit,,5.0,5.0,8.0
cyankiwi_gemma-4-26B-A4B-it-AWQ-4bit,,8.0,7.0,6.0
cyankiwi_gemma-4-26B-A4B-it-AWQ-4bit,,10.0,10.0,10.0
cyankiwi_gemma-4-26B-A4B-it-AWQ-4bit,,5.0,5.0,7.0
cyankiwi_gemma-4-26B-A4B-it-AWQ-4bit,,5.0,6.0,8.0
cyankiwi_gemma-4-26B-A4B-it-AWQ-4bit,,5.0,7.0,8.0
cyankiwi_gemma-4-26B-A4B-it-AWQ-4bit,,8.0,9.0,8.0
cyankiwi_gemma-4-26B-A4B-it-AWQ-4bit,,0.0,0.0,7.0
cyankiwi_gemma-4-26B-A4B-it-AWQ-4bit,,8.0,9.0,9.0
cyankiwi_gemma-4-26B-A4B-it-AWQ-4bit,,5.0,5.0,7.0
cyankiwi_gemma-4-26B-A4B-it-AWQ-4bit,,0.0,0.0,2.0
cyankiwi_gemma-4-26B-A4B-it-AWQ-4bit,,8.0,9.0,9.0
cyankiwi_gemma-4-26B-A4B-it-AWQ-4bit,,7.0,8.0,9.0
cyankiwi_gemma-4-26B-A4B-it-AWQ-4bit,,5.0,7.0,6.0
cyankiwi_gemma-4-26B-A4B-it-AWQ-4bit,,0.0,0.0,5.0
cyankiwi_gemma-4-26B-A4B-it-AWQ-4bit,,5.0,5.0,5.0
cyankiwi_gemma-4-26B-A4B-it-AWQ-4bit,,8.0,9.0,8.0
cyankiwi_gemma-4-26B-A4B-it-AWQ-4bit,,8.0,8.0,7.0
cyankiwi_gemma-4-26B-A4B-it-AWQ-4bit,,8.0,9.0,9.0
cyankiwi_gemma-4-26B-A4B-it-AWQ-4bit,,8.0,9.0,9.0
cyankiwi_gemma-4-26B-A4B-it-AWQ-4bit,,8.0,9.0,9.0
cyankiwi_gemma-4-26B-A4B-it-AWQ-4bit,,8.0,9.0,8.0
cyankiwi_gemma-4-26B-A4B-it-AWQ-4bit,,5.0,5.0,3.0
cyankiwi_gemma-4-26B-A4B-it-AWQ-4bit,,8.0,9.0,8.0
cyankiwi_gemma-4-26B-A4B-it-AWQ-4bit,,3.0,3.0,5.0
cyankiwi_gemma-4-26B-A4B-it-AWQ-4bit,,5.0,5.0,8.0
cyankiwi_gemma-4-26B-A4B-it-AWQ-4bit,,0.0,0.0,0.0
cyankiwi_gemma-4-26B-A4B-it-AWQ-4bit,,8.0,9.0,9.0
cyankiwi_gemma-4-26B-A4B-it-AWQ-4bit,,8.0,9.0,9.0
cyankiwi_gemma-4-26B-A4B-it-AWQ-4bit,,7.0,8.0,9.0
cyankiwi_gemma-4-26B-A4B-it-AWQ-4bit,,8.0,9.0,8.0
cyankiwi_gemma-4-26B-A4B-it-AWQ-4bit,,8.0,9.0,9.0
cyankiwi_gemma-4-26B-A4B-it-AWQ-4bit,,8.0,7.0,9.0
cyankiwi_gemma-4-26B-A4B-it-AWQ-4bit,,8.0,9.0,9.0
cyankiwi_gemma-4-26B-A4B-it-AWQ-4bit,,0.0,0.0,0.0
cyankiwi_gemma-4-26B-A4B-it-AWQ-4bit,,5.0,7.0,8.0
cyankiwi_gemma-4-26B-A4B-it-AWQ-4bit,,8.0,7.0,9.0
cyankiwi_gemma-4-26B-A4B-it-AWQ-4bit,,8.0,9.0,8.0
cyankiwi_gemma-4-26B-A4B-it-AWQ-4bit,,8.0,7.0,9.0
cyankiwi_gemma-4-26B-A4B-it-AWQ-4bit,,5.0,7.0,8.0
cyankiwi_gemma-4-26B-A4B-it-AWQ-4bit,,8.0,7.0,9.0
cyankiwi_gemma-4-26B-A4B-it-AWQ-4bit,,8.0,9.0,7.0
cyankiwi_gemma-4-26B-A4B-it-AWQ-4bit,,8.0,9.0,8.0
cyankiwi_gemma-4-26B-A4B-it-AWQ-4bit,,8.0,9.0,9.0
cyankiwi_gemma-4-26B-A4B-it-AWQ-4bit,,8.0,9.0,8.0
cyankiwi_gemma-4-26B-A4B-it-AWQ-4bit,,8.0,9.0,8.0
cyankiwi_gemma-4-26B-A4B-it-AWQ-4bit,,7.0,8.0,9.0
cyankiwi_gemma-4-26B-A4B-it-AWQ-4bit,,8.0,9.0,8.0
cyankiwi_gemma-4-26B-A4B-it-AWQ-4bit,,8.0,9.0,7.0
cyankiwi_gemma-4-26B-A4B-it-AWQ-4bit,,0.0,0.0,0.0
cyankiwi_gemma-4-26B-A4B-it-AWQ-4bit,,8.0,8.0,9.0
cyankiwi_gemma-4-26B-A4B-it-AWQ-4bit,,7.0,8.0,9.0
cyankiwi_gemma-4-26B-A4B-it-AWQ-4bit,,8.0,9.0,9.0
cyankiwi_gemma-4-26B-A4B-it-AWQ-4bit,,8.0,9.0,9.0
cyankiwi_gemma-4-26B-A4B-it-AWQ-4bit,,8.0,7.0,9.0
cyankiwi_gemma-4-26B-A4B-it-AWQ-4bit,,0.0,0.0,8.0
cyankiwi_gemma-4-26B-A4B-it-AWQ-4bit,,5.0,7.0,8.0
cyankiwi_gemma-4-26B-A4B-it-AWQ-4bit,,8.0,9.0,7.0
cyankiwi_gemma-4-26B-A4B-it-AWQ-4bit,,8.0,9.0,9.0
cyankiwi_gemma-4-26B-A4B-it-AWQ-4bit,,8.0,9.0,9.0
cyankiwi_gemma-4-26B-A4B-it-AWQ-4bit,,0.0,0.0,0.0
cyankiwi_gemma-4-26B-A4B-it-AWQ-4bit,,8.0,9.0,8.0
cyankiwi_gemma-4-E4B-it-AWQ-INT4,,5.0,6.0,7.0
cyankiwi_gemma-4-E4B-it-AWQ-INT4,,0.0,0.0,5.0
cyankiwi_gemma-4-E4B-it-AWQ-INT4,,8.0,9.0,9.0
cyankiwi_gemma-4-E4B-it-AWQ-INT4,,10.0,10.0,9.0
cyankiwi_gemma-4-E4B-it-AWQ-INT4,,0.0,0.0,0.0
cyankiwi_gemma-4-E4B-it-AWQ-INT4,,0.0,0.0,0.0
cyankiwi_gemma-4-E4B-it-AWQ-INT4,,5.0,5.0,8.0
cyankiwi_gemma-4-E4B-it-AWQ-INT4,,8.0,9.0,9.0
cyankiwi_gemma-4-E4B-it-AWQ-INT4,,0.0,0.0,0.0
cyankiwi_gemma-4-E4B-it-AWQ-INT4,,5.0,5.0,8.0
cyankiwi_gemma-4-E4B-it-AWQ-INT4,,0.0,0.0,0.0
cyankiwi_gemma-4-E4B-it-AWQ-INT4,,4.0,5.0,7.0
cyankiwi_gemma-4-E4B-it-AWQ-INT4,,0.0,0.0,0.0
cyankiwi_gemma-4-E4B-it-AWQ-INT4,,8.0,9.0,8.0
cyankiwi_gemma-4-E4B-it-AWQ-INT4,,8.0,9.0,9.0
cyankiwi_gemma-4-E4B-it-AWQ-INT4,,0.0,0.0,0.0
cyankiwi_gemma-4-E4B-it-AWQ-INT4,,8.0,9.0,9.0
cyankiwi_gemma-4-E4B-it-AWQ-INT4,,5.0,5.0,8.0
cyankiwi_gemma-4-E4B-it-AWQ-INT4,,8.0,9.0,7.0
cyankiwi_gemma-4-E4B-it-AWQ-INT4,,5.0,6.0,7.0
cyankiwi_gemma-4-E4B-it-AWQ-INT4,,0.0,0.0,0.0
cyankiwi_gemma-4-E4B-it-AWQ-INT4,,5.0,5.0,8.0
cyankiwi_gemma-4-E4B-it-AWQ-INT4,,5.0,5.0,8.0
cyankiwi_gemma-4-E4B-it-AWQ-INT4,,8.0,9.0,8.0
cyankiwi_gemma-4-E4B-it-AWQ-INT4,,5.0,5.0,7.0
cyankiwi_gemma-4-E4B-it-AWQ-INT4,,8.0,8.0,7.0
cyankiwi_gemma-4-E4B-it-AWQ-INT4,,0.0,0.0,0.0
cyankiwi_gemma-4-E4B-it-AWQ-INT4,,5.0,7.0,8.0
cyankiwi_gemma-4-E4B-it-AWQ-INT4,,0.0,0.0,0.0
cyankiwi_gemma-4-E4B-it-AWQ-INT4,,5.0,4.0,6.0
cyankiwi_gemma-4-E4B-it-AWQ-INT4,,5.0,5.0,7.0
cyankiwi_gemma-4-E4B-it-AWQ-INT4,,0.0,0.0,0.0
cyankiwi_gemma-4-E4B-it-AWQ-INT4,,0.0,0.0,0.0
cyankiwi_gemma-4-E4B-it-AWQ-INT4,,8.0,9.0,7.0
cyankiwi_gemma-4-E4B-it-AWQ-INT4,,0.0,0.0,0.0
cyankiwi_gemma-4-E4B-it-AWQ-INT4,,5.0,5.0,7.0
cyankiwi_gemma-4-E4B-it-AWQ-INT4,,0.0,0.0,5.0
cyankiwi_gemma-4-E4B-it-AWQ-INT4,,5.0,7.0,6.0
cyankiwi_gemma-4-E4B-it-AWQ-INT4,,8.0,9.0,8.0
cyankiwi_gemma-4-E4B-it-AWQ-INT4,,8.0,9.0,7.0
cyankiwi_gemma-4-E4B-it-AWQ-INT4,,8.0,9.0,8.0
cyankiwi_gemma-4-E4B-it-AWQ-INT4,,8.0,7.0,6.0
cyankiwi_gemma-4-E4B-it-AWQ-INT4,,5.0,5.0,7.0
cyankiwi_gemma-4-E4B-it-AWQ-INT4,,6.0,7.0,8.0
cyankiwi_gemma-4-E4B-it-AWQ-INT4,,0.0,0.0,0.0
cyankiwi_gemma-4-E4B-it-AWQ-INT4,,5.0,5.0,7.0
cyankiwi_gemma-4-E4B-it-AWQ-INT4,,0.0,0.0,0.0
cyankiwi_gemma-4-E4B-it-AWQ-INT4,,5.0,5.0,8.0
cyankiwi_gemma-4-E4B-it-AWQ-INT4,,8.0,9.0,9.0
cyankiwi_gemma-4-E4B-it-AWQ-INT4,,0.0,0.0,5.0
cyankiwi_gemma-4-E4B-it-AWQ-INT4,,5.0,5.0,7.0
cyankiwi_gemma-4-E4B-it-AWQ-INT4,,0.0,5.0,7.0
cyankiwi_gemma-4-E4B-it-AWQ-INT4,,0.0,0.0,0.0
cyankiwi_gemma-4-E4B-it-AWQ-INT4,,0.0,0.0,8.0
cyankiwi_gemma-4-E4B-it-AWQ-INT4,,0.0,5.0,8.0
cyankiwi_gemma-4-E4B-it-AWQ-INT4,,5.0,5.0,8.0
cyankiwi_gemma-4-E4B-it-AWQ-INT4,,0.0,0.0,2.0
cyankiwi_gemma-4-E4B-it-AWQ-INT4,,8.0,7.0,9.0
cyankiwi_gemma-4-E4B-it-AWQ-INT4,,0.0,0.0,0.0
cyankiwi_gemma-4-E4B-it-AWQ-INT4,,7.0,8.0,5.0
cyankiwi_gemma-4-E4B-it-AWQ-INT4,,8.0,8.0,9.0
cyankiwi_gemma-4-E4B-it-AWQ-INT4,,0.0,0.0,0.0
cyankiwi_gemma-4-E4B-it-AWQ-INT4,,5.0,7.0,6.0
cyankiwi_gemma-4-E4B-it-AWQ-INT4,,8.0,9.0,9.0
cyankiwi_gemma-4-E4B-it-AWQ-INT4,,8.0,9.0,8.0
cyankiwi_gemma-4-E4B-it-AWQ-INT4,,8.0,9.0,7.0
cyankiwi_gemma-4-E4B-it-AWQ-INT4,,8.0,9.0,9.0
cyankiwi_gemma-4-E4B-it-AWQ-INT4,,5.0,6.0,7.0
cyankiwi_gemma-4-E4B-it-AWQ-INT4,,8.0,9.0,9.0
cyankiwi_gemma-4-E4B-it-AWQ-INT4,,8.0,9.0,8.0
cyankiwi_gemma-4-E4B-it-AWQ-INT4,,8.0,9.0,8.0
cyankiwi_gemma-4-E4B-it-AWQ-INT4,,8.0,9.0,7.0
cyankiwi_gemma-4-E4B-it-AWQ-INT4,,5.0,5.0,7.0
cyankiwi_gemma-4-E4B-it-AWQ-INT4,,5.0,5.0,8.0
cyankiwi_gemma-4-E4B-it-AWQ-INT4,,5.0,7.0,8.0
cyankiwi_gemma-4-E4B-it-AWQ-INT4,,8.0,8.0,7.0
cyankiwi_gemma-4-E4B-it-AWQ-INT4,,8.0,9.0,8.0
cyankiwi_gemma-4-E4B-it-AWQ-INT4,,0.0,0.0,0.0
cyankiwi_gemma-4-E4B-it-AWQ-INT4,,5.0,7.0,6.0
google_gemma-3-1b-it,,8.0,7.0,8.0
google_gemma-3-1b-it,,0.0,0.0,5.0
google_gemma-3-1b-it,,7.0,8.0,9.0
google_gemma-3-1b-it,,2.0,2.0,4.0
google_gemma-3-1b-it,,2.0,2.0,4.0
google_gemma-3-1b-it,,5.0,5.0,8.0
google_gemma-3-1b-it,,5.0,5.0,7.0
google_gemma-3-1b-it,,8.0,9.0,9.0
google_gemma-3-1b-it,,8.0,9.0,9.0
google_gemma-3-1b-it,,5.0,6.0,7.0
google_gemma-3-1b-it,,8.0,7.0,9.0
google_gemma-3-1b-it,,8.0,9.0,8.0
google_gemma-3-1b-it,,7.0,8.0,9.0
google_gemma-3-1b-it,,8.0,8.0,7.0
google_gemma-3-1b-it,,5.0,4.0,7.0
google_gemma-3-1b-it,,5.0,8.0,6.0
google_gemma-3-1b-it,,5.0,7.0,6.0
google_gemma-3-1b-it,,5.0,5.0,7.0
google_gemma-3-1b-it,,0.0,0.0,5.0
google_gemma-3-1b-it,,5.0,6.0,7.0
google_gemma-3-1b-it,,8.0,8.0,9.0
google_gemma-3-1b-it,,8.0,9.0,7.0
google_gemma-3-1b-it,,5.0,6.0,7.0
google_gemma-3-1b-it,,8.0,7.0,8.0
google_gemma-3-1b-it,,8.0,9.0,9.0
google_gemma-3-1b-it,,8.0,7.0,8.0
google_gemma-3-1b-it,,5.0,5.0,7.0
google_gemma-3-1b-it,,5.0,6.0,7.0
google_gemma-3-1b-it,,8.0,9.0,9.0
google_gemma-3-1b-it,,7.0,8.0,9.0
google_gemma-3-1b-it,,8.0,7.0,8.0
google_gemma-3-1b-it,,2.0,2.0,8.0
google_gemma-3-1b-it,,7.0,6.0,8.0
google_gemma-3-1b-it,,8.0,9.0,7.0
google_gemma-3-1b-it,,8.0,9.0,7.0
google_gemma-3-1b-it,,8.0,9.0,9.0
google_gemma-3-1b-it,,10.0,10.0,10.0
google_gemma-3-1b-it,,7.0,8.0,9.0
google_gemma-3-1b-it,,8.0,9.0,8.0
google_gemma-3-1b-it,,7.0,8.0,9.0
google_gemma-3-1b-it,,8.0,9.0,8.0
google_gemma-3-1b-it,,5.0,7.0,8.0
google_gemma-3-1b-it,,8.0,7.0,9.0
google_gemma-3-1b-it,,5.0,6.0,7.0
google_gemma-3-1b-it,,8.0,9.0,8.0
google_gemma-3-1b-it,,8.0,9.0,8.0
google_gemma-3-1b-it,,5.0,6.0,7.0
google_gemma-3-1b-it,,5.0,5.0,7.0
google_gemma-3-1b-it,,8.0,7.0,6.0
google_gemma-3-1b-it,,5.0,6.0,7.0
google_gemma-3-1b-it,,7.0,6.0,8.0
google_gemma-3-1b-it,,5.0,5.0,7.0
google_gemma-3-1b-it,,8.0,7.0,9.0
google_gemma-3-1b-it,,0.0,0.0,8.0
google_gemma-3-1b-it,,8.0,7.0,9.0
google_gemma-3-1b-it,,8.0,9.0,7.0
google_gemma-3-1b-it,,8.0,7.0,9.0
google_gemma-3-1b-it,,5.0,6.0,7.0
google_gemma-3-1b-it,,0.0,0.0,0.0
google_gemma-3-1b-it,,8.0,7.0,8.0
google_gemma-3-1b-it,,0.0,0.0,4.0
google_gemma-3-1b-it,,8.0,7.0,6.0
google_gemma-3-1b-it,,8.0,7.0,9.0
google_gemma-3-1b-it,,0.0,0.0,8.0
google_gemma-3-1b-it,,8.0,7.0,9.0
google_gemma-3-1b-it,,5.0,5.0,7.0
google_gemma-3-1b-it,,7.0,8.0,9.0
google_gemma-3-1b-it,,0.0,0.0,6.0
google_gemma-3-1b-it,,8.0,7.0,9.0
google_gemma-3-1b-it,,2.0,3.0,5.0
google_gemma-3-1b-it,,8.0,7.0,9.0
google_gemma-3-1b-it,,5.0,5.0,7.0
google_gemma-3-1b-it,,8.0,8.0,7.0
google_gemma-3-1b-it,,4.0,5.0,6.0
google_gemma-3-1b-it,,8.0,9.0,9.0
google_gemma-3-1b-it,,5.0,7.0,8.0
google_gemma-3-1b-it,,5.0,6.0,7.0
google_gemma-3-1b-it,,5.0,5.0,8.0
google_gemma-3-1b-it,,6.0,7.0,8.0
google_gemma-3-270m-it,,0.0,0.0,5.0
google_gemma-3-270m-it,,8.0,8.0,9.0
google_gemma-3-270m-it,,7.0,8.0,6.0
google_gemma-3-270m-it,,0.0,0.0,0.0
google_gemma-3-270m-it,,0.0,0.0,5.0
google_gemma-3-270m-it,,5.0,5.0,7.0
google_gemma-3-270m-it,,5.0,5.0,6.0
google_gemma-3-270m-it,,8.0,8.0,9.0
google_gemma-3-270m-it,,6.0,7.0,8.0
google_gemma-3-270m-it,,0.0,0.0,5.0
google_gemma-3-270m-it,,2.0,3.0,4.0
google_gemma-3-270m-it,,5.0,5.0,6.0
google_gemma-3-270m-it,,5.0,7.0,8.0
google_gemma-3-270m-it,,4.0,5.0,6.0
google_gemma-3-270m-it,,8.0,7.0,8.0
google_gemma-3-270m-it,,8.0,8.0,9.0
google_gemma-3-270m-it,,5.0,5.0,6.0
google_gemma-3-270m-it,,8.0,8.0,9.0
google_gemma-3-270m-it,,0.0,0.0,5.0
google_gemma-3-270m-it,,0.0,0.0,0.0
google_gemma-3-270m-it,,5.0,7.0,8.0
google_gemma-3-270m-it,,0.0,0.0,2.0
google_gemma-3-270m-it,,5.0,5.0,8.0
google_gemma-3-270m-it,,0.0,0.0,0.0
google_gemma-3-270m-it,,0.0,0.0,8.0
google_gemma-3-270m-it,,8.0,7.0,9.0
google_gemma-3-270m-it,,0.0,0.0,5.0
google_gemma-3-270m-it,,5.0,5.0,7.0
google_gemma-3-270m-it,,8.0,8.0,7.0
google_gemma-3-270m-it,,5.0,5.0,7.0
google_gemma-3-270m-it,,5.0,5.0,7.0
google_gemma-3-270m-it,,5.0,5.0,8.0
google_gemma-3-270m-it,,8.0,9.0,7.0
google_gemma-3-270m-it,,8.0,7.0,9.0
google_gemma-3-270m-it,,8.0,9.0,7.0
google_gemma-3-270m-it,,0.0,0.0,8.0
google_gemma-3-270m-it,,5.0,6.0,7.0
google_gemma-3-270m-it,,5.0,5.0,7.0
google_gemma-3-270m-it,,8.0,8.0,7.0
google_gemma-3-270m-it,,5.0,5.0,3.0
google_gemma-3-270m-it,,8.0,7.0,8.0
google_gemma-3-270m-it,,5.0,5.0,7.0
google_gemma-3-270m-it,,7.0,8.0,7.0
google_gemma-3-270m-it,,5.0,5.0,6.0
google_gemma-3-270m-it,,5.0,5.0,7.0
google_gemma-3-270m-it,,8.0,9.0,7.0
google_gemma-3-270m-it,,5.0,5.0,7.0
google_gemma-3-270m-it,,8.0,8.0,7.0
google_gemma-3-270m-it,,5.0,5.0,7.0
google_gemma-3-270m-it,,0.0,0.0,4.0
google_gemma-3-270m-it,,5.0,5.0,7.0
google_gemma-3-270m-it,,0.0,0.0,2.0
google_gemma-3-270m-it,,8.0,7.0,6.0
google_gemma-3-270m-it,,5.0,5.0,7.0
google_gemma-3-270m-it,,0.0,0.0,5.0
google_gemma-3-270m-it,,5.0,5.0,7.0
google_gemma-3-270m-it,,8.0,7.0,8.0
google_gemma-3-270m-it,,0.0,0.0,4.0
google_gemma-3-270m-it,,5.0,5.0,6.0
google_gemma-3-270m-it,,7.0,8.0,9.0
google_gemma-3-270m-it,,0.0,0.0,5.0
google_gemma-3-270m-it,,5.0,6.0,7.0
google_gemma-3-270m-it,,0.0,0.0,6.0
google_gemma-3-270m-it,,2.0,2.0,5.0
google_gemma-3-270m-it,,5.0,5.0,6.0
google_gemma-3-270m-it,,0.0,0.0,0.0
google_gemma-3-270m-it,,0.0,0.0,4.0
google_gemma-3-270m-it,,5.0,7.0,8.0
google_gemma-3-270m-it,,5.0,5.0,7.0
google_gemma-3-270m-it,,5.0,6.0,7.0
google_gemma-3-270m-it,,0.0,0.0,2.0
google_gemma-3-270m-it,,8.0,7.0,9.0
google_gemma-3-270m-it,,5.0,4.0,7.0
google_gemma-3-270m-it,,2.0,2.0,4.0
google_gemma-3-270m-it,,0.0,0.0,2.0
google_gemma-3-270m-it,,0.0,0.0,5.0
google_gemma-3-270m-it,,5.0,6.0,7.0
google_gemma-3-270m-it,,5.0,6.0,8.0
google_gemma-3-270m-it,,5.0,5.0,7.0
google_gemma-3-4b-it,,5.0,7.0,8.0
google_gemma-3-4b-it,,5.0,8.0,9.0
google_gemma-3-4b-it,,5.0,5.0,8.0
google_gemma-3-4b-it,,5.0,5.0,8.0
google_gemma-3-4b-it,,0.0,0.0,8.0
google_gemma-3-4b-it,,0.0,0.0,8.0
google_gemma-3-4b-it,,0.0,5.0,8.0
google_gemma-3-4b-it,,5.0,7.0,8.0
google_gemma-3-4b-it,,5.0,7.0,8.0
google_gemma-3-4b-it,,0.0,0.0,8.0
google_gemma-3-4b-it,,8.0,9.0,9.0
google_gemma-3-4b-it,,5.0,7.0,8.0
google_gemma-3-4b-it,,5.0,5.0,8.0
google_gemma-3-4b-it,,0.0,5.0,8.0
google_gemma-3-4b-it,,8.0,9.0,9.0
google_gemma-3-4b-it,,5.0,5.0,9.0
google_gemma-3-4b-it,,8.0,9.0,9.0
google_gemma-3-4b-it,,5.0,5.0,8.0
google_gemma-3-4b-it,,0.0,5.0,8.0
google_gemma-3-4b-it,,5.0,7.0,8.0
google_gemma-3-4b-it,,5.0,7.0,8.0
google_gemma-3-4b-it,,5.0,7.0,8.0
google_gemma-3-4b-it,,0.0,0.0,8.0
google_gemma-3-4b-it,,8.0,8.0,9.0
google_gemma-3-4b-it,,5.0,7.0,8.0
google_gemma-3-4b-it,,5.0,7.0,8.0
google_gemma-3-4b-it,,5.0,5.0,8.0
google_gemma-3-4b-it,,5.0,7.0,8.0
google_gemma-3-4b-it,,5.0,5.0,8.0
google_gemma-3-4b-it,,8.0,9.0,9.0
google_gemma-3-4b-it,,5.0,7.0,8.0
google_gemma-3-4b-it,,0.0,0.0,5.0
google_gemma-3-4b-it,,5.0,7.0,8.0
google_gemma-3-4b-it,,8.0,9.0,9.0
google_gemma-3-4b-it,,0.0,0.0,7.0
google_gemma-3-4b-it,,8.0,9.0,9.0
google_gemma-3-4b-it,,5.0,5.0,8.0
google_gemma-3-4b-it,,8.0,9.0,9.0
google_gemma-3-4b-it,,5.0,7.0,8.0
google_gemma-3-4b-it,,8.0,9.0,9.0
google_gemma-3-4b-it,,5.0,7.0,8.0
google_gemma-3-4b-it,,0.0,0.0,8.0
google_gemma-3-4b-it,,8.0,9.0,9.0
google_gemma-3-4b-it,,5.0,7.0,8.0
google_gemma-3-4b-it,,8.0,9.0,9.0
google_gemma-3-4b-it,,8.0,9.0,9.0
google_gemma-3-4b-it,,5.0,7.0,8.0
google_gemma-3-4b-it,,5.0,7.0,8.0
google_gemma-3-4b-it,,8.0,9.0,8.0
google_gemma-3-4b-it,,0.0,0.0,8.0
google_gemma-3-4b-it,,0.0,0.0,7.0
google_gemma-3-4b-it,,8.0,7.0,9.0
google_gemma-3-4b-it,,8.0,9.0,9.0
google_gemma-3-4b-it,,0.0,0.0,8.0
google_gemma-3-4b-it,,5.0,7.0,8.0
google_gemma-3-4b-it,,5.0,6.0,8.0
google_gemma-3-4b-it,,5.0,7.0,8.0
google_gemma-3-4b-it,,5.0,6.0,8.0
google_gemma-3-4b-it,,0.0,0.0,5.0
google_gemma-3-4b-it,,8.0,7.0,9.0
google_gemma-3-4b-it,,6.0,7.0,8.0
google_gemma-3-4b-it,,8.0,9.0,9.0
google_gemma-3-4b-it,,8.0,9.0,9.0
google_gemma-3-4b-it,,8.0,9.0,9.0
google_gemma-3-4b-it,,5.0,5.0,8.0
google_gemma-3-4b-it,,0.0,5.0,8.0
google_gemma-3-4b-it,,8.0,9.0,9.0
google_gemma-3-4b-it,,7.0,8.0,9.0
google_gemma-3-4b-it,,5.0,5.0,8.0
google_gemma-3-4b-it,,8.0,9.0,9.0
google_gemma-3-4b-it,,8.0,7.0,9.0
google_gemma-3-4b-it,,8.0,9.0,9.0
google_gemma-3-4b-it,,0.0,0.0,8.0
google_gemma-3-4b-it,,5.0,7.0,8.0
google_gemma-3-4b-it,,5.0,7.0,8.0
google_gemma-3-4b-it,,8.0,9.0,8.0
google_gemma-3-4b-it,,5.0,7.0,8.0
google_gemma-3-4b-it,,5.0,7.0,8.0
google_gemma-3-4b-it,,8.0,9.0,9.0
google_gemma-3n-E2B-it,,0.0,0.0,8.0
google_gemma-3n-E2B-it,,5.0,7.0,8.0
google_gemma-3n-E2B-it,,5.0,5.0,8.0
google_gemma-3n-E2B-it,,5.0,5.0,8.0
google_gemma-3n-E2B-it,,0.0,0.0,8.0
google_gemma-3n-E2B-it,,5.0,7.0,8.0
google_gemma-3n-E2B-it,,8.0,9.0,9.0
google_gemma-3n-E2B-it,,5.0,7.0,8.0
google_gemma-3n-E2B-it,,5.0,7.0,8.0
google_gemma-3n-E2B-it,,0.0,0.0,8.0
google_gemma-3n-E2B-it,,8.0,9.0,9.0
google_gemma-3n-E2B-it,,5.0,7.0,8.0
google_gemma-3n-E2B-it,,0.0,0.0,8.0
google_gemma-3n-E2B-it,,8.0,9.0,9.0
google_gemma-3n-E2B-it,,8.0,9.0,8.0
google_gemma-3n-E2B-it,,5.0,5.0,9.0
google_gemma-3n-E2B-it,,5.0,5.0,8.0
google_gemma-3n-E2B-it,,0.0,0.0,8.0
google_gemma-3n-E2B-it,,0.0,0.0,8.0
google_gemma-3n-E2B-it,,0.0,5.0,8.0
google_gemma-3n-E2B-it,,5.0,7.0,8.0
google_gemma-3n-E2B-it,,0.0,5.0,8.0
google_gemma-3n-E2B-it,,0.0,0.0,7.0
google_gemma-3n-E2B-it,,8.0,9.0,9.0
google_gemma-3n-E2B-it,,5.0,7.0,8.0
google_gemma-3n-E2B-it,,8.0,7.0,9.0
google_gemma-3n-E2B-it,,5.0,5.0,8.0
google_gemma-3n-E2B-it,,0.0,5.0,8.0
google_gemma-3n-E2B-it,,5.0,6.0,8.0
google_gemma-3n-E2B-it,,8.0,9.0,9.0
google_gemma-3n-E2B-it,,5.0,5.0,8.0
google_gemma-3n-E2B-it,,0.0,0.0,5.0
google_gemma-3n-E2B-it,,5.0,7.0,8.0
google_gemma-3n-E2B-it,,8.0,9.0,9.0
google_gemma-3n-E2B-it,,8.0,9.0,9.0
google_gemma-3n-E2B-it,,8.0,7.0,9.0
google_gemma-3n-E2B-it,,5.0,7.0,8.0
google_gemma-3n-E2B-it,,8.0,7.0,9.0
google_gemma-3n-E2B-it,,5.0,5.0,8.0
google_gemma-3n-E2B-it,,8.0,9.0,9.0
google_gemma-3n-E2B-it,,0.0,0.0,5.0
google_gemma-3n-E2B-it,,5.0,5.0,8.0
google_gemma-3n-E2B-it,,8.0,9.0,9.0
google_gemma-3n-E2B-it,,5.0,7.0,8.0
google_gemma-3n-E2B-it,,8.0,9.0,9.0
google_gemma-3n-E2B-it,,8.0,9.0,9.0
google_gemma-3n-E2B-it,,5.0,6.0,7.0
google_gemma-3n-E2B-it,,5.0,7.0,8.0
google_gemma-3n-E2B-it,,8.0,9.0,9.0
google_gemma-3n-E2B-it,,0.0,0.0,8.0
google_gemma-3n-E2B-it,,5.0,7.0,8.0
google_gemma-3n-E2B-it,,5.0,7.0,8.0
google_gemma-3n-E2B-it,,5.0,8.0,9.0
google_gemma-3n-E2B-it,,0.0,0.0,8.0
google_gemma-3n-E2B-it,,5.0,7.0,8.0
google_gemma-3n-E2B-it,,8.0,7.0,9.0
google_gemma-3n-E2B-it,,8.0,7.0,9.0
google_gemma-3n-E2B-it,,8.0,7.0,9.0
google_gemma-3n-E2B-it,,0.0,0.0,8.0
google_gemma-3n-E2B-it,,8.0,9.0,9.0
google_gemma-3n-E2B-it,,8.0,7.0,9.0
google_gemma-3n-E2B-it,,8.0,7.0,9.0
google_gemma-3n-E2B-it,,8.0,7.0,9.0
google_gemma-3n-E2B-it,,8.0,7.0,9.0
google_gemma-3n-E2B-it,,8.0,9.0,9.0
google_gemma-3n-E2B-it,,5.0,7.0,8.0
google_gemma-3n-E2B-it,,8.0,7.0,9.0
google_gemma-3n-E2B-it,,0.0,0.0,8.0
google_gemma-3n-E2B-it,,5.0,7.0,8.0
google_gemma-3n-E2B-it,,7.0,8.0,9.0
google_gemma-3n-E2B-it,,5.0,7.0,8.0
google_gemma-3n-E2B-it,,5.0,6.0,8.0
google_gemma-3n-E2B-it,,0.0,0.0,8.0
google_gemma-3n-E2B-it,,7.0,8.0,9.0
google_gemma-3n-E2B-it,,5.0,5.0,8.0
google_gemma-3n-E2B-it,,8.0,9.0,9.0
google_gemma-3n-E2B-it,,8.0,9.0,9.0
google_gemma-3n-E2B-it,,5.0,7.0,8.0
google_gemma-3n-E2B-it,,8.0,7.0,9.0
google_gemma-4-E2B-it,,5.0,5.0,7.0
google_gemma-4-E2B-it,,5.0,6.0,7.0
google_gemma-4-E2B-it,,8.0,8.0,7.0
google_gemma-4-E2B-it,,0.0,0.0,0.0
google_gemma-4-E2B-it,,0.0,0.0,0.0
google_gemma-4-E2B-it,,5.0,5.0,6.0
google_gemma-4-E2B-it,,0.0,0.0,0.0
google_gemma-4-E2B-it,,8.0,9.0,8.0
google_gemma-4-E2B-it,,0.0,0.0,0.0
google_gemma-4-E2B-it,,0.0,0.0,5.0
google_gemma-4-E2B-it,,8.0,8.0,7.0
google_gemma-4-E2B-it,,0.0,0.0,0.0
google_gemma-4-E2B-it,,0.0,0.0,0.0
google_gemma-4-E2B-it,,0.0,0.0,2.0
google_gemma-4-E2B-it,,2.0,2.0,4.0
google_gemma-4-E2B-it,,0.0,0.0,0.0
google_gemma-4-E2B-it,,0.0,0.0,0.0
google_gemma-4-E2B-it,,5.0,5.0,8.0
google_gemma-4-E2B-it,,0.0,0.0,0.0
google_gemma-4-E2B-it,,0.0,0.0,0.0
google_gemma-4-E2B-it,,0.0,5.0,8.0
google_gemma-4-E2B-it,,0.0,0.0,0.0
google_gemma-4-E2B-it,,0.0,0.0,0.0
google_gemma-4-E2B-it,,0.0,0.0,0.0
google_gemma-4-E2B-it,,0.0,0.0,0.0
google_gemma-4-E2B-it,,8.0,8.0,7.0
google_gemma-4-E2B-it,,0.0,0.0,0.0
google_gemma-4-E2B-it,,0.0,0.0,0.0
google_gemma-4-E2B-it,,0.0,0.0,0.0
google_gemma-4-E2B-it,,5.0,5.0,8.0
google_gemma-4-E2B-it,,0.0,0.0,0.0
google_gemma-4-E2B-it,,0.0,0.0,0.0
google_gemma-4-E2B-it,,0.0,0.0,0.0
google_gemma-4-E2B-it,,0.0,0.0,0.0
google_gemma-4-E2B-it,,0.0,0.0,0.0
google_gemma-4-E2B-it,,0.0,0.0,0.0
google_gemma-4-E2B-it,,0.0,0.0,7.0
google_gemma-4-E2B-it,,0.0,5.0,8.0
google_gemma-4-E2B-it,,8.0,9.0,9.0
google_gemma-4-E2B-it,,5.0,7.0,8.0
google_gemma-4-E2B-it,,8.0,9.0,8.0
google_gemma-4-E2B-it,,0.0,0.0,0.0
google_gemma-4-E2B-it,,0.0,0.0,0.0
google_gemma-4-E2B-it,,8.0,9.0,7.0
google_gemma-4-E2B-it,,0.0,0.0,2.0
google_gemma-4-E2B-it,,5.0,7.0,8.0
google_gemma-4-E2B-it,,5.0,7.0,6.0
google_gemma-4-E2B-it,,5.0,5.0,8.0
google_gemma-4-E2B-it,,8.0,9.0,7.0
google_gemma-4-E2B-it,,0.0,0.0,5.0
google_gemma-4-E2B-it,,5.0,5.0,8.0
google_gemma-4-E2B-it,,0.0,0.0,0.0
google_gemma-4-E2B-it,,5.0,5.0,8.0
google_gemma-4-E2B-it,,8.0,9.0,9.0
google_gemma-4-E2B-it,,0.0,0.0,0.0
google_gemma-4-E2B-it,,0.0,0.0,0.0
google_gemma-4-E2B-it,,0.0,0.0,0.0
google_gemma-4-E2B-it,,4.0,5.0,6.0
google_gemma-4-E2B-it,,5.0,7.0,8.0
google_gemma-4-E2B-it,,0.0,0.0,0.0
google_gemma-4-E2B-it,,0.0,0.0,0.0
google_gemma-4-E2B-it,,0.0,0.0,0.0
google_gemma-4-E2B-it,,0.0,0.0,0.0
google_gemma-4-E2B-it,,0.0,0.0,0.0
google_gemma-4-E2B-it,,8.0,9.0,8.0
google_gemma-4-E2B-it,,0.0,0.0,5.0
google_gemma-4-E2B-it,,5.0,7.0,8.0
google_gemma-4-E2B-it,,8.0,9.0,9.0
google_gemma-4-E2B-it,,0.0,0.0,0.0
google_gemma-4-E2B-it,,5.0,7.0,6.0
google_gemma-4-E2B-it,,5.0,7.0,8.0
google_gemma-4-E2B-it,,8.0,9.0,8.0
google_gemma-4-E2B-it,,8.0,7.0,9.0
google_gemma-4-E2B-it,,0.0,0.0,2.0
google_gemma-4-E2B-it,,0.0,0.0,0.0
google_gemma-4-E2B-it,,0.0,0.0,0.0
google_gemma-4-E2B-it,,8.0,7.0,9.0
google_gemma-4-E2B-it,,0.0,0.0,5.0
google_gemma-4-E2B-it,,0.0,0.0,0.0
microsoft_Phi-3.5-mini-instruct,,5.0,5.0,8.0
microsoft_Phi-3.5-mini-instruct,,7.0,8.0,9.0
microsoft_Phi-3.5-mini-instruct,,5.0,6.0,7.0
microsoft_Phi-3.5-mini-instruct,,8.0,7.0,9.0
microsoft_Phi-3.5-mini-instruct,,5.0,5.0,7.0
microsoft_Phi-3.5-mini-instruct,,5.0,5.0,7.0
microsoft_Phi-3.5-mini-instruct,,8.0,8.0,9.0
microsoft_Phi-3.5-mini-instruct,,8.0,9.0,9.0
microsoft_Phi-3.5-mini-instruct,,5.0,7.0,8.0
microsoft_Phi-3.5-mini-instruct,,5.0,6.0,7.0
microsoft_Phi-3.5-mini-instruct,,8.0,9.0,9.0
microsoft_Phi-3.5-mini-instruct,,5.0,7.0,8.0
microsoft_Phi-3.5-mini-instruct,,0.0,0.0,5.0
microsoft_Phi-3.5-mini-instruct,,4.0,5.0,6.0
microsoft_Phi-3.5-mini-instruct,,5.0,7.0,8.0
microsoft_Phi-3.5-mini-instruct,,0.0,0.0,5.0
microsoft_Phi-3.5-mini-instruct,,8.0,9.0,9.0
microsoft_Phi-3.5-mini-instruct,,5.0,6.0,7.0
microsoft_Phi-3.5-mini-instruct,,5.0,7.0,8.0
microsoft_Phi-3.5-mini-instruct,,8.0,9.0,9.0
microsoft_Phi-3.5-mini-instruct,,5.0,5.0,7.0
microsoft_Phi-3.5-mini-instruct,,5.0,6.0,8.0
microsoft_Phi-3.5-mini-instruct,,8.0,7.0,9.0
microsoft_Phi-3.5-mini-instruct,,5.0,4.0,7.0
microsoft_Phi-3.5-mini-instruct,,8.0,9.0,9.0
microsoft_Phi-3.5-mini-instruct,,7.0,8.0,9.0
microsoft_Phi-3.5-mini-instruct,,5.0,6.0,7.0
microsoft_Phi-3.5-mini-instruct,,5.0,7.0,8.0
microsoft_Phi-3.5-mini-instruct,,5.0,5.0,8.0
microsoft_Phi-3.5-mini-instruct,,5.0,5.0,8.0
microsoft_Phi-3.5-mini-instruct,,5.0,6.0,7.0
microsoft_Phi-3.5-mini-instruct,,7.0,8.0,9.0
microsoft_Phi-3.5-mini-instruct,,8.0,7.0,9.0
microsoft_Phi-3.5-mini-instruct,,5.0,6.0,7.0
microsoft_Phi-3.5-mini-instruct,,5.0,7.0,8.0
microsoft_Phi-3.5-mini-instruct,,5.0,5.0,7.0
microsoft_Phi-3.5-mini-instruct,,5.0,6.0,7.0
microsoft_Phi-3.5-mini-instruct,,5.0,5.0,7.0
microsoft_Phi-3.5-mini-instruct,,8.0,9.0,9.0
microsoft_Phi-3.5-mini-instruct,,5.0,7.0,8.0
microsoft_Phi-3.5-mini-instruct,,5.0,5.0,8.0
microsoft_Phi-3.5-mini-instruct,,5.0,5.0,8.0
microsoft_Phi-3.5-mini-instruct,,5.0,5.0,7.0
microsoft_Phi-3.5-mini-instruct,,5.0,5.0,8.0
microsoft_Phi-3.5-mini-instruct,,4.0,6.0,7.0
microsoft_Phi-3.5-mini-instruct,,7.0,8.0,9.0
microsoft_Phi-3.5-mini-instruct,,5.0,5.0,7.0
microsoft_Phi-3.5-mini-instruct,,5.0,5.0,8.0
microsoft_Phi-3.5-mini-instruct,,5.0,6.0,7.0
microsoft_Phi-3.5-mini-instruct,,7.0,8.0,9.0
microsoft_Phi-3.5-mini-instruct,,5.0,6.0,7.0
microsoft_Phi-3.5-mini-instruct,,5.0,5.0,7.0
microsoft_Phi-3.5-mini-instruct,,5.0,7.0,8.0
microsoft_Phi-3.5-mini-instruct,,5.0,5.0,8.0
microsoft_Phi-3.5-mini-instruct,,0.0,0.0,5.0
microsoft_Phi-3.5-mini-instruct,,5.0,5.0,8.0
microsoft_Phi-3.5-mini-instruct,,5.0,5.0,8.0
microsoft_Phi-3.5-mini-instruct,,5.0,7.0,8.0
microsoft_Phi-3.5-mini-instruct,,0.0,0.0,5.0
microsoft_Phi-3.5-mini-instruct,,5.0,7.0,8.0
microsoft_Phi-3.5-mini-instruct,,0.0,0.0,5.0
microsoft_Phi-3.5-mini-instruct,,5.0,7.0,8.0
microsoft_Phi-3.5-mini-instruct,,5.0,7.0,8.0
microsoft_Phi-3.5-mini-instruct,,5.0,6.0,7.0
microsoft_Phi-3.5-mini-instruct,,0.0,0.0,7.0
microsoft_Phi-3.5-mini-instruct,,5.0,8.0,9.0
microsoft_Phi-3.5-mini-instruct,,0.0,0.0,5.0
microsoft_Phi-3.5-mini-instruct,,0.0,0.0,7.0
microsoft_Phi-3.5-mini-instruct,,5.0,5.0,7.0
microsoft_Phi-3.5-mini-instruct,,5.0,7.0,8.0
microsoft_Phi-3.5-mini-instruct,,7.0,6.0,8.0
microsoft_Phi-3.5-mini-instruct,,5.0,7.0,8.0
microsoft_Phi-3.5-mini-instruct,,5.0,5.0,7.0
microsoft_Phi-3.5-mini-instruct,,5.0,5.0,8.0
microsoft_Phi-3.5-mini-instruct,,8.0,9.0,8.0
microsoft_Phi-3.5-mini-instruct,,5.0,7.0,8.0
microsoft_Phi-3.5-mini-instruct,,5.0,7.0,8.0
microsoft_Phi-3.5-mini-instruct,,5.0,5.0,8.0
microsoft_Phi-3.5-mini-instruct,,5.0,7.0,8.0
mistralai_Mistral-7B-Instruct-v0.3,,5.0,5.0,7.0
mistralai_Mistral-7B-Instruct-v0.3,,5.0,7.0,8.0
mistralai_Mistral-7B-Instruct-v0.3,,5.0,6.0,7.0
mistralai_Mistral-7B-Instruct-v0.3,,5.0,5.0,8.0
mistralai_Mistral-7B-Instruct-v0.3,,0.0,0.0,8.0
mistralai_Mistral-7B-Instruct-v0.3,,5.0,5.0,7.0
mistralai_Mistral-7B-Instruct-v0.3,,5.0,7.0,8.0
mistralai_Mistral-7B-Instruct-v0.3,,8.0,9.0,9.0
mistralai_Mistral-7B-Instruct-v0.3,,5.0,5.0,7.0
mistralai_Mistral-7B-Instruct-v0.3,,0.0,0.0,8.0
mistralai_Mistral-7B-Instruct-v0.3,,8.0,9.0,9.0
mistralai_Mistral-7B-Instruct-v0.3,,5.0,6.0,7.0
mistralai_Mistral-7B-Instruct-v0.3,,5.0,7.0,8.0
mistralai_Mistral-7B-Instruct-v0.3,,5.0,7.0,8.0
mistralai_Mistral-7B-Instruct-v0.3,,7.0,8.0,9.0
mistralai_Mistral-7B-Instruct-v0.3,,8.0,9.0,9.0
mistralai_Mistral-7B-Instruct-v0.3,,5.0,5.0,7.0
mistralai_Mistral-7B-Instruct-v0.3,,5.0,7.0,8.0
mistralai_Mistral-7B-Instruct-v0.3,,5.0,5.0,7.0
mistralai_Mistral-7B-Instruct-v0.3,,5.0,5.0,8.0
mistralai_Mistral-7B-Instruct-v0.3,,5.0,5.0,7.0
mistralai_Mistral-7B-Instruct-v0.3,,5.0,6.0,7.0
mistralai_Mistral-7B-Instruct-v0.3,,5.0,5.0,8.0
mistralai_Mistral-7B-Instruct-v0.3,,8.0,8.0,9.0
mistralai_Mistral-7B-Instruct-v0.3,,8.0,9.0,9.0
mistralai_Mistral-7B-Instruct-v0.3,,8.0,7.0,9.0
mistralai_Mistral-7B-Instruct-v0.3,,5.0,6.0,7.0
mistralai_Mistral-7B-Instruct-v0.3,,5.0,7.0,8.0
mistralai_Mistral-7B-Instruct-v0.3,,5.0,6.0,7.0
mistralai_Mistral-7B-Instruct-v0.3,,5.0,5.0,8.0
mistralai_Mistral-7B-Instruct-v0.3,,5.0,7.0,8.0
mistralai_Mistral-7B-Instruct-v0.3,,0.0,0.0,5.0
mistralai_Mistral-7B-Instruct-v0.3,,8.0,7.0,9.0
mistralai_Mistral-7B-Instruct-v0.3,,8.0,9.0,8.0
mistralai_Mistral-7B-Instruct-v0.3,,8.0,9.0,9.0
mistralai_Mistral-7B-Instruct-v0.3,,5.0,7.0,8.0
mistralai_Mistral-7B-Instruct-v0.3,,8.0,7.0,9.0
mistralai_Mistral-7B-Instruct-v0.3,,5.0,7.0,8.0
mistralai_Mistral-7B-Instruct-v0.3,,8.0,9.0,9.0
mistralai_Mistral-7B-Instruct-v0.3,,5.0,7.0,8.0
mistralai_Mistral-7B-Instruct-v0.3,,5.0,7.0,8.0
mistralai_Mistral-7B-Instruct-v0.3,,0.0,0.0,8.0
mistralai_Mistral-7B-Instruct-v0.3,,8.0,9.0,8.0
mistralai_Mistral-7B-Instruct-v0.3,,0.0,0.0,5.0
mistralai_Mistral-7B-Instruct-v0.3,,8.0,9.0,9.0
mistralai_Mistral-7B-Instruct-v0.3,,8.0,9.0,8.0
mistralai_Mistral-7B-Instruct-v0.3,,8.0,7.0,9.0
mistralai_Mistral-7B-Instruct-v0.3,,5.0,7.0,8.0
mistralai_Mistral-7B-Instruct-v0.3,,8.0,7.0,9.0
mistralai_Mistral-7B-Instruct-v0.3,,5.0,5.0,8.0
mistralai_Mistral-7B-Instruct-v0.3,,0.0,0.0,8.0
mistralai_Mistral-7B-Instruct-v0.3,,5.0,5.0,7.0
mistralai_Mistral-7B-Instruct-v0.3,,5.0,7.0,8.0
mistralai_Mistral-7B-Instruct-v0.3,,0.0,0.0,8.0
mistralai_Mistral-7B-Instruct-v0.3,,5.0,7.0,8.0
mistralai_Mistral-7B-Instruct-v0.3,,5.0,7.0,8.0
mistralai_Mistral-7B-Instruct-v0.3,,5.0,6.0,7.0
mistralai_Mistral-7B-Instruct-v0.3,,5.0,7.0,8.0
mistralai_Mistral-7B-Instruct-v0.3,,0.0,0.0,4.0
mistralai_Mistral-7B-Instruct-v0.3,,5.0,7.0,8.0
mistralai_Mistral-7B-Instruct-v0.3,,5.0,7.0,8.0
mistralai_Mistral-7B-Instruct-v0.3,,5.0,5.0,8.0
mistralai_Mistral-7B-Instruct-v0.3,,5.0,6.0,7.0
mistralai_Mistral-7B-Instruct-v0.3,,5.0,6.0,8.0
mistralai_Mistral-7B-Instruct-v0.3,,7.0,8.0,9.0
mistralai_Mistral-7B-Instruct-v0.3,,5.0,5.0,8.0
mistralai_Mistral-7B-Instruct-v0.3,,5.0,7.0,8.0
mistralai_Mistral-7B-Instruct-v0.3,,5.0,5.0,8.0
mistralai_Mistral-7B-Instruct-v0.3,,5.0,6.0,8.0
mistralai_Mistral-7B-Instruct-v0.3,,8.0,9.0,8.0
mistralai_Mistral-7B-Instruct-v0.3,,5.0,5.0,8.0
mistralai_Mistral-7B-Instruct-v0.3,,8.0,7.0,9.0
mistralai_Mistral-7B-Instruct-v0.3,,0.0,0.0,8.0
mistralai_Mistral-7B-Instruct-v0.3,,5.0,7.0,8.0
mistralai_Mistral-7B-Instruct-v0.3,,8.0,7.0,9.0
mistralai_Mistral-7B-Instruct-v0.3,,8.0,9.0,8.0
mistralai_Mistral-7B-Instruct-v0.3,,5.0,7.0,8.0
mistralai_Mistral-7B-Instruct-v0.3,,5.0,7.0,8.0
mistralai_Mistral-7B-Instruct-v0.3,,5.0,5.0,7.0
